resultvalue,latitudemeasure,longitudemeasure,horizontalcoordinatereferencesys,analysisstartdate,phosphorus_sample,year,month,bin
0.0423,44.78378,-89.25829,NAD27,2016-08-19,1,2016,8,2015-2016
0.027,44.94759,-89.80842,WGS84,2012-05-22,1,2012,5,2011-2012
0.0615,44.91621,-89.90937,WGS84,2015-10-09,1,2015,10,2015-2016
0.0336,44.91596,-89.88928,WGS84,2015-10-09,1,2015,10,2015-2016
0.0865,44.93097,-89.94603,WGS84,2015-10-09,1,2015,10,2015-2016
0.089,44.95134,-89.96899,WGS84,2015-10-09,1,2015,10,2015-2016
0.0652,44.9206,-89.96906,WGS84,2015-10-09,1,2015,10,2015-2016
0.083,44.93085,-89.90515,WGS84,2015-10-09,1,2015,10,2015-2016
0.11,44.91975,-89.9507,WGS84,2015-10-09,1,2015,10,2015-2016
0.147,44.93077,-90.00293,WGS84,2015-10-09,1,2015,10,2015-2016
0.0553,45.01137,-89.92557,WGS84,2015-10-06,1,2015,10,2015-2016
0.0762,44.77182,-89.64252,WGS84,2017-07-27,1,2017,7,2017-2018
0.194,44.9317,-90.3033,WGS84,2019-10-23,1,2019,10,2019-2020
0.041,44.96078,-89.69828,NAD83,2012-05-22,1,2012,5,2011-2012
0.271,44.84375,-90.00468,NAD83,2017-08-03,1,2017,8,2017-2018
0.0804,44.68162,-89.2657,NAD83,2014-07-03,1,2014,7,2013-2014
0.3,44.77185,-90.25176,NAD83,2012-06-18,1,2012,6,2011-2012
0.264,44.87313,-90.01821,NAD83,2017-06-16,1,2017,6,2017-2018
0.0252,45.04376,-89.79026,NAD83,2013-05-31,1,2013,5,2013-2014
0.114,45.04758,-89.95483,NAD83,2015-07-28,1,2015,7,2015-2016
0.0391,44.80071,-89.86472,NAD83,2017-09-18,1,2017,9,2017-2018
0.148,44.70599,-89.96435,NAD83,2009-01-26,1,2009,1,Unknown
0.179,45.03281,-89.86044,NAD83,2015-08-18,1,2015,8,2015-2016
0.069,44.78708,-89.70496,NAD83,2010-04-27,1,2010,4,Unknown
0.116,45.01662,-89.4497,NAD83,2009-07-13,1,2009,7,Unknown
0.065,44.91541,-89.42798,NAD83,2009-07-13,1,2009,7,Unknown
0.035,44.97426,-89.51698,NAD83,2012-05-29,1,2012,5,2011-2012
0.039,45.06192,-89.95629,NAD83,2012-10-04,1,2012,10,2011-2012
0.068,44.94529,-89.73569,NAD83,2012-06-18,1,2012,6,2011-2012
0.048,44.73083,-89.75864,NAD83,2012-03-16,1,2012,3,2011-2012
0.051,44.88628,-89.63525,NAD83,2010-06-01,1,2010,6,Unknown
0.235,44.71307,-89.92628,NAD83,2010-06-09,1,2010,6,Unknown
0.183,44.68714,-89.76705,NAD83,2010-06-01,1,2010,6,Unknown
0.044,45.08379,-89.62089,NAD83,2010-10-21,1,2010,10,Unknown
0.362,44.69952,-90.2522,NAD83,2016-07-27,1,2016,7,2015-2016
0.093,45.03181,-89.45007,NAD83,2011-07-13,1,2011,7,2011-2012
0.114,45.0859,-89.5027,NAD83,2011-07-13,1,2011,7,2011-2012
0.084,45.04613,-89.44479,NAD83,2011-07-13,1,2011,7,2011-2012
0.175,44.74342,-90.06547,NAD83,2011-07-13,1,2011,7,2011-2012
0.083,44.96645,-89.80679,NAD83,2012-04-05,1,2012,4,2011-2012
0.174,44.87296,-90.13239,NAD83,2012-05-15,1,2012,5,2011-2012
0.025,44.98092,-89.6317,NAD83,2012-10-03,1,2012,10,2011-2012
0.167,44.93547,-90.00479,NAD83,2012-10-03,1,2012,10,2011-2012
0.0381,45.01127,-89.30819,NAD83,2013-10-10,1,2013,10,2013-2014
0.0351,44.94551,-89.22704,NAD83,2013-10-10,1,2013,10,2013-2014
0.134,45.0297,-89.30284,NAD83,2013-07-15,1,2013,7,2013-2014
0.115,45.10529,-89.8061,NAD83,2013-07-22,1,2013,7,2013-2014
0.0746,44.68516,-90.13281,NAD83,2013-08-07,1,2013,8,2013-2014
0.292,44.95119,-90.24924,NAD83,2013-09-26,1,2013,9,2013-2014
0.0172,44.90629,-89.45826,NAD83,2013-09-05,1,2013,9,2013-2014
0.107,44.94444,-90.01359,NAD83,2013-09-13,1,2013,9,2013-2014
0.0555,44.68607,-90.13977,NAD83,2013-12-20,1,2013,12,2013-2014
0.0532,44.95255,-89.63542,NAD83,2016-08-04,1,2016,8,2015-2016
0.0743,44.89234,-89.6279,NAD83,2016-10-04,1,2016,10,2015-2016
0.074,44.78862,-89.70271,NAD83,2016-10-04,1,2016,10,2015-2016
0.067,44.83707,-89.98337,NAD83,2017-07-06,1,2017,7,2017-2018
0.0498,44.94289,-89.62339,NAD83,2018-02-06,1,2018,2,2017-2018
8.5,44.94287,-89.62344,NAD83,2018-02-06,1,2018,2,2017-2018
0.0715,45.06983,-89.84448,NAD83,2018-08-01,1,2018,8,2017-2018
0.0327,45.03219,-89.48566,NAD83,2019-11-15,1,2019,11,2019-2020
0.28,45.0177,-89.47484,NAD83,2019-11-15,1,2019,11,2019-2020
0.067,44.95685,-89.63645,NAD83,2010-06-29,1,2010,6,Unknown
0.158,45.03608,-90.07311,NAD83,2012-09-11,1,2012,9,2011-2012
0.126,45.02452,-89.96384,NAD83,2011-03-14,1,2011,3,2011-2012
0.055,45.04385,-89.67244,NAD83,2012-11-01,1,2012,11,2011-2012
0.114,44.71429,-90.01138,NAD83,2012-10-26,1,2012,10,2011-2012
0.277,44.68742,-90.07841,NAD83,2012-07-17,1,2012,7,2011-2012
0.279,44.97359,-90.25889,NAD83,2012-10-04,1,2012,10,2011-2012
0.0393,44.93062,-89.86324,NAD83,2015-11-04,1,2015,11,2015-2016
0.114,44.81511,-89.98185,NAD83,2017-10-17,1,2017,10,2017-2018
0.052,44.81553,-89.96551,NAD83,2017-09-28,1,2017,9,2017-2018
0.036,44.93989,-89.51248,NAD83,2012-09-18,1,2012,9,2011-2012
0.131,44.9185,-89.55179,NAD83,2010-07-07,1,2010,7,Unknown
0.078,45.02399,-89.93044,NAD83,2015-10-06,1,2015,10,2015-2016
0.216,44.7494,-90.25908,NAD83,2012-10-03,1,2012,10,2011-2012
0.828,44.90949,-90.30734,NAD83,2019-10-16,1,2019,10,2019-2020
1.07,44.9024,-90.31136,NAD83,2019-10-16,1,2019,10,2019-2020
0.0694,44.79224,-89.69632,NAD83,2016-08-04,1,2016,8,2015-2016
0.0743,44.75831,-89.72919,NAD83,2016-10-04,1,2016,10,2015-2016
0.081,44.82132,-90.07885,NAD83,2009-01-26,1,2009,1,Unknown
0.028,44.71337,-89.42705,NAD83,2012-08-14,1,2012,8,2011-2012
0.045,45.10361,-89.63995,NAD83,2012-06-18,1,2012,6,2011-2012
0.0737,45.03315,-89.798,NAD83,2013-07-02,1,2013,7,2013-2014
0.15,44.85929,-90.10913,NAD83,2012-06-18,1,2012,6,2011-2012
0.602,44.86445,-90.21665,NAD83,2012-07-17,1,2012,7,2011-2012
0.411,44.90135,-90.19229,NAD83,2012-06-18,1,2012,6,2011-2012
0.024,45.09028,-89.99444,NAD83,2012-10-26,1,2012,10,2011-2012
0.208,44.80693,-89.97409,NAD83,2014-07-09,1,2014,7,2013-2014
0.234,44.74044,-90.16052,NAD83,2012-10-04,1,2012,10,2011-2012
0.055,44.96452,-89.49203,NAD83,2012-06-26,1,2012,6,2011-2012
0.096,45.05858,-89.24921,NAD83,2012-10-04,1,2012,10,2011-2012
0.259,44.91695,-90.30133,NAD83,2012-10-03,1,2012,10,2011-2012
0.0246,44.8161,-89.34612,NAD83,2014-06-04,1,2014,6,2013-2014
0.0295,44.78621,-89.86213,NAD83,2013-12-13,1,2013,12,2013-2014
0.203,44.97444,-90.231,NAD83,2012-09-11,1,2012,9,2011-2012
0.08,44.91528,-89.61911,NAD83,2012-08-14,1,2012,8,2011-2012
0.052,44.91228,-89.64117,NAD83,2012-09-20,1,2012,9,2011-2012
0.08,44.93202,-89.64234,NAD83,2012-06-29,1,2012,6,2011-2012
0.05,45.05858,-89.27028,NAD83,2012-10-04,1,2012,10,2011-2012
0.0863,44.71431,-89.67167,NAD83,2019-08-08,1,2019,8,2019-2020
0.024,44.9586,-89.69981,UNKWN,2011-01-04,1,2011,1,2011-2012
0.161,44.9586,-89.69981,UNKWN,2011-08-11,1,2011,8,2011-2012
0.039,44.9586,-89.69981,UNKWN,2011-03-14,1,2011,3,2011-2012
0.035,44.9586,-89.69981,UNKWN,2011-06-01,1,2011,6,2011-2012
0.034,44.9586,-89.69981,UNKWN,2011-02-15,1,2011,2,2011-2012
0.028,44.9586,-89.69981,UNKWN,2010-11-17,1,2010,11,Unknown
0.03,44.9586,-89.69981,UNKWN,2011-01-20,1,2011,1,2011-2012
0.038,44.9586,-89.69981,UNKWN,2011-06-24,1,2011,6,2011-2012
0.049,44.9586,-89.69981,UNKWN,2011-07-20,1,2011,7,2011-2012
0.033,44.9586,-89.69981,UNKWN,2010-10-21,1,2010,10,Unknown
0.114,44.9586,-89.69981,UNKWN,2011-04-19,1,2011,4,2011-2012
0.036,44.9586,-89.69981,UNKWN,2011-09-30,1,2011,9,2011-2012
0.0697,44.92859,-89.30913,NAD27,2016-08-12,1,2016,8,2015-2016
0.0226,44.8115,-89.6598,WGS84,2018-08-28,1,2018,8,2017-2018
0.071,44.94759,-89.80842,WGS84,2012-09-18,1,2012,9,2011-2012
0.077,44.94759,-89.80842,WGS84,2012-07-31,1,2012,7,2011-2012
0.046,44.94759,-89.80842,WGS84,2012-10-03,1,2012,10,2011-2012
0.051,44.94759,-89.80842,WGS84,2012-06-26,1,2012,6,2011-2012
0.039,44.94759,-89.80842,WGS84,2012-11-01,1,2012,11,2011-2012
0.0384,44.94759,-89.80842,WGS84,2015-10-06,1,2015,10,2015-2016
0.317,44.9317,-90.3033,WGS84,2018-06-21,1,2018,6,2017-2018
0.046,44.96078,-89.69828,NAD83,2012-09-18,1,2012,9,2011-2012
0.036,44.96078,-89.69828,NAD83,2012-07-31,1,2012,7,2011-2012
0.03,44.96078,-89.69828,NAD83,2012-10-03,1,2012,10,2011-2012
0.022,44.96078,-89.69828,NAD83,2012-11-01,1,2012,11,2011-2012
0.045,44.96078,-89.69828,NAD83,2012-06-26,1,2012,6,2011-2012
0.044,45.07466,-89.60869,NAD83,2010-11-17,1,2010,11,Unknown
0.063,45.07466,-89.60869,NAD83,2011-02-15,1,2011,2,2011-2012
0.085,45.07466,-89.60869,NAD83,2011-01-20,1,2011,1,2011-2012
0.038,45.07466,-89.60869,NAD83,2011-06-01,1,2011,6,2011-2012
0.057,45.07466,-89.60869,NAD83,2011-07-20,1,2011,7,2011-2012
0.086,45.07466,-89.60869,NAD83,2011-04-19,1,2011,4,2011-2012
0.045,45.07466,-89.60869,NAD83,2011-09-30,1,2011,9,2011-2012
0.129,45.07466,-89.60869,NAD83,2011-08-11,1,2011,8,2011-2012
0.069,45.07466,-89.60869,NAD83,2011-03-14,1,2011,3,2011-2012
0.06,45.07466,-89.60869,NAD83,2011-06-24,1,2011,6,2011-2012
0.04,45.07466,-89.60869,NAD83,2011-01-04,1,2011,1,2011-2012
0.105,44.85057,-89.94788,NAD83,2017-07-31,1,2017,7,2017-2018
0.236,44.77185,-90.25176,NAD83,2012-05-22,1,2012,5,2011-2012
0.232,44.77185,-90.25176,NAD83,2012-09-11,1,2012,9,2011-2012
0.229,44.77185,-90.25176,NAD83,2012-10-04,1,2012,10,2011-2012
0.146,44.77185,-90.25176,NAD83,2012-10-26,1,2012,10,2011-2012
0.33,44.77185,-90.25176,NAD83,2012-07-17,1,2012,7,2011-2012
0.045,44.97873,-89.62961,NAD83,2014-08-04,1,2014,8,2013-2014
0.043,44.97248,-89.90547,NAD83,2010-05-10,1,2010,5,Unknown
0.1,44.97248,-89.90547,NAD83,2010-06-09,1,2010,6,Unknown
0.148,44.97248,-89.90547,NAD83,2009-07-13,1,2009,7,Unknown
0.078,44.97248,-89.90547,NAD83,2010-06-01,1,2010,6,Unknown
0.039,44.97248,-89.90547,NAD83,2010-04-19,1,2010,4,Unknown
0.188,44.97248,-89.90547,NAD83,2010-06-29,1,2010,6,Unknown
0.064,44.97248,-89.90547,NAD83,2010-05-17,1,2010,5,Unknown
0.0897,44.82966,-89.96033,NAD83,2017-07-31,1,2017,7,2017-2018
0.00947,44.87313,-90.01821,NAD83,2017-06-05,1,2017,6,2017-2018
0.153,44.87313,-90.01821,NAD83,2017-06-05,1,2017,6,2017-2018
0.266,44.87313,-90.01821,NAD83,2017-07-31,1,2017,7,2017-2018
0.345,44.87313,-90.01821,NAD83,2017-10-17,1,2017,10,2017-2018
0.464,44.87313,-90.01821,NAD83,2017-07-25,1,2017,7,2017-2018
0.154,44.87313,-90.01821,NAD83,2017-06-05,1,2017,6,2017-2018
0.226,44.87313,-90.01821,NAD83,2017-09-01,1,2017,9,2017-2018
0.192,44.87313,-90.01821,NAD83,2017-09-28,1,2017,9,2017-2018
0.175,44.90203,-90.03416,NAD83,2017-07-06,1,2017,7,2017-2018
0.096,45.04376,-89.79026,NAD83,2012-10-03,1,2012,10,2011-2012
0.077,45.04376,-89.79026,NAD83,2012-09-18,1,2012,9,2011-2012
0.0507,45.04376,-89.79026,NAD83,2013-07-02,1,2013,7,2013-2014
0.0909,45.04376,-89.79026,NAD83,2013-07-22,1,2013,7,2013-2014
0.045,45.04376,-89.79026,NAD83,2012-11-01,1,2012,11,2011-2012
0.038,45.04376,-89.79026,NAD83,2012-05-29,1,2012,5,2011-2012
0.096,45.04376,-89.79026,NAD83,2012-07-31,1,2012,7,2011-2012
0.0315,45.04376,-89.79026,NAD83,2013-08-28,1,2013,8,2013-2014
0.0482,45.04376,-89.79026,NAD83,2013-09-20,1,2013,9,2013-2014
0.098,45.04376,-89.79026,NAD83,2012-06-26,1,2012,6,2011-2012
0.0623,45.04376,-89.79026,NAD83,2013-10-24,1,2013,10,2013-2014
0.114,45.04758,-89.95483,NAD83,2015-06-26,1,2015,6,2015-2016
0.0368,45.04758,-89.95483,NAD83,2015-11-04,1,2015,11,2015-2016
0.0355,45.04758,-89.95483,NAD83,2015-05-22,1,2015,5,2015-2016
0.0495,45.04758,-89.95483,NAD83,2015-10-06,1,2015,10,2015-2016
0.0573,45.04758,-89.95483,NAD83,2015-09-09,1,2015,9,2015-2016
0.0469,44.98789,-89.36127,NAD83,2018-08-28,1,2018,8,2017-2018
0.0542,44.98789,-89.36127,NAD83,2020-08-28,1,2020,8,2019-2020
0.063,44.98789,-89.36127,NAD83,2012-08-14,1,2012,8,2011-2012
0.0852,44.98789,-89.36127,NAD83,2017-09-18,1,2017,9,2017-2018
0.078,44.98789,-89.36127,NAD83,2010-10-01,1,2010,10,Unknown
0.0959,44.98789,-89.36127,NAD83,2016-08-12,1,2016,8,2015-2016
0.0675,44.98789,-89.36127,NAD83,2014-07-30,1,2014,7,2013-2014
0.0637,44.98789,-89.36127,NAD83,2015-09-02,1,2015,9,2015-2016
0.13,44.98789,-89.36127,NAD83,2013-07-15,1,2013,7,2013-2014
0.197,44.70599,-89.96435,NAD83,2009-04-20,1,2009,4,Unknown
0.309,44.70599,-89.96435,NAD83,2009-06-12,1,2009,6,Unknown
0.451,44.70599,-89.96435,NAD83,2009-07-20,1,2009,7,Unknown
0.164,44.70599,-89.96435,NAD83,2010-04-27,1,2010,4,Unknown
0.116,44.70599,-89.96435,NAD83,2009-02-11,1,2009,2,Unknown
0.489,44.70599,-89.96435,NAD83,2009-09-22,1,2009,9,Unknown
0.311,44.70599,-89.96435,NAD83,2009-05-26,1,2009,5,Unknown
0.347,44.70599,-89.96435,NAD83,2009-08-24,1,2009,8,Unknown
0.0844,45.03281,-89.86044,NAD83,2015-05-22,1,2015,5,2015-2016
0.106,45.03281,-89.86044,NAD83,2017-07-27,1,2017,7,2017-2018
0.133,45.03281,-89.86044,NAD83,2020-08-05,1,2020,8,2019-2020
0.315,45.03281,-89.86044,NAD83,2010-10-01,1,2010,10,Unknown
0.144,45.03281,-89.86044,NAD83,2015-07-28,1,2015,7,2015-2016
0.21,45.03281,-89.86044,NAD83,2013-07-22,1,2013,7,2013-2014
0.221,45.03281,-89.86044,NAD83,2014-07-03,1,2014,7,2013-2014
0.119,45.03281,-89.86044,NAD83,2018-08-28,1,2018,8,2017-2018
0.132,45.03281,-89.86044,NAD83,2015-06-26,1,2015,6,2015-2016
0.0883,45.03281,-89.86044,NAD83,2019-08-08,1,2019,8,2019-2020
0.18,45.03281,-89.86044,NAD83,2016-06-21,1,2016,6,2015-2016
0.0976,45.03281,-89.86044,NAD83,2015-09-09,1,2015,9,2015-2016
0.0993,45.03281,-89.86044,NAD83,2015-10-06,1,2015,10,2015-2016
0.0727,45.03281,-89.86044,NAD83,2015-11-04,1,2015,11,2015-2016
0.09,44.78708,-89.70496,NAD83,2010-07-07,1,2010,7,Unknown
0.069,44.78708,-89.70496,NAD83,2010-05-10,1,2010,5,Unknown
0.071,44.78708,-89.70496,NAD83,2010-05-17,1,2010,5,Unknown
0.068,44.78708,-89.70496,NAD83,2010-06-09,1,2010,6,Unknown
0.116,44.78708,-89.70496,NAD83,2010-09-08,1,2010,9,Unknown
0.06,44.78708,-89.70496,NAD83,2010-06-01,1,2010,6,Unknown
0.042,45.11856,-89.69286,NAD83,2009-07-13,1,2009,7,Unknown
0.0263,44.97426,-89.51698,NAD83,2013-05-31,1,2013,5,2013-2014
0.03,44.97426,-89.51698,NAD83,2009-07-13,1,2009,7,Unknown
0.0371,44.97426,-89.51698,NAD83,2013-10-24,1,2013,10,2013-2014
0.046,44.97426,-89.51698,NAD83,2012-09-18,1,2012,9,2011-2012
0.024,44.97426,-89.51698,NAD83,2013-08-14,1,2013,8,2013-2014
0.0321,44.97426,-89.51698,NAD83,2013-09-20,1,2013,9,2013-2014
0.061,44.97426,-89.51698,NAD83,2012-07-31,1,2012,7,2011-2012
0.0408,44.97426,-89.51698,NAD83,2013-07-02,1,2013,7,2013-2014
0.044,44.97426,-89.51698,NAD83,2012-06-26,1,2012,6,2011-2012
0.0407,44.97426,-89.51698,NAD83,2013-09-06,1,2013,9,2013-2014
0.079,45.06192,-89.95629,NAD83,2012-06-18,1,2012,6,2011-2012
0.027,45.06192,-89.95629,NAD83,2012-10-26,1,2012,10,2011-2012
0.073,45.06192,-89.95629,NAD83,2012-07-17,1,2012,7,2011-2012
0.06,45.06192,-89.95629,NAD83,2012-05-22,1,2012,5,2011-2012
0.042,45.06192,-89.95629,NAD83,2012-09-11,1,2012,9,2011-2012
0.0805,45.09073,-89.96615,NAD83,2016-06-21,1,2016,6,2015-2016
0.058,44.94529,-89.73569,NAD83,2010-02-02,1,2010,2,Unknown
0.042,44.94529,-89.73569,NAD83,2010-04-27,1,2010,4,Unknown
0.028,44.94529,-89.73569,NAD83,2012-10-26,1,2012,10,2011-2012
0.07,44.94529,-89.73569,NAD83,2009-12-01,1,2009,12,Unknown
0.212,44.94529,-89.73569,NAD83,2010-08-16,1,2010,8,Unknown
0.054,44.94529,-89.73569,NAD83,2009-10-21,1,2009,10,Unknown
0.126,44.94529,-89.73569,NAD83,2016-10-04,1,2016,10,2015-2016
0.069,44.94529,-89.73569,NAD83,2012-05-22,1,2012,5,2011-2012
0.054,44.94529,-89.73569,NAD83,2010-05-26,1,2010,5,Unknown
0.063,44.94529,-89.73569,NAD83,2010-02-23,1,2010,2,Unknown
0.054,44.94529,-89.73569,NAD83,2009-12-28,1,2009,12,Unknown
0.047,44.94529,-89.73569,NAD83,2012-09-27,1,2012,9,2011-2012
0.078,44.94529,-89.73569,NAD83,2010-06-22,1,2010,6,Unknown
0.161,44.94529,-89.73569,NAD83,2010-07-20,1,2010,7,Unknown
0.068,44.94529,-89.73569,NAD83,2012-09-11,1,2012,9,2011-2012
0.119,44.94529,-89.73569,NAD83,2010-10-01,1,2010,10,Unknown
0.0597,44.94529,-89.73569,NAD83,2016-08-04,1,2016,8,2015-2016
0.125,44.94529,-89.73569,NAD83,2010-03-16,1,2010,3,Unknown
0.092,44.94529,-89.73569,NAD83,2012-07-17,1,2012,7,2011-2012
0.088,44.73083,-89.75864,NAD83,2010-10-26,1,2010,10,Unknown
0.082,44.73083,-89.75864,NAD83,2011-07-20,1,2011,7,2011-2012
0.067,44.73083,-89.75864,NAD83,2012-12-27,1,2012,12,2011-2012
0.066,44.73083,-89.75864,NAD83,2010-12-01,1,2010,12,Unknown
0.0659,44.73083,-89.75864,NAD83,2013-10-18,1,2013,10,2013-2014
0.055,44.73083,-89.75864,NAD83,2012-03-06,1,2012,3,2011-2012
0.0654,44.73083,-89.75864,NAD83,2013-11-19,1,2013,11,2013-2014
0.133,44.73083,-89.75864,NAD83,2011-09-07,1,2011,9,2011-2012
0.043,44.73083,-89.75864,NAD83,2012-11-20,1,2012,11,2011-2012
0.094,44.73083,-89.75864,NAD83,2011-01-04,1,2011,1,2011-2012
0.109,44.73083,-89.75864,NAD83,2011-01-20,1,2011,1,2011-2012
0.134,44.73083,-89.75864,NAD83,2013-05-30,1,2013,5,2013-2014
0.086,44.73083,-89.75864,NAD83,2011-11-01,1,2011,11,2011-2012
0.0979,44.73083,-89.75864,NAD83,2013-06-24,1,2013,6,2013-2014
0.057,44.73083,-89.75864,NAD83,2012-01-04,1,2012,1,2011-2012
0.093,44.73083,-89.75864,NAD83,2010-05-26,1,2010,5,Unknown
0.101,44.73083,-89.75864,NAD83,2013-08-14,1,2013,8,2013-2014
0.083,44.73083,-89.75864,NAD83,2012-10-12,1,2012,10,2011-2012
0.115,44.73083,-89.75864,NAD83,2011-02-15,1,2011,2,2011-2012
0.088,44.73083,-89.75864,NAD83,2012-05-15,1,2012,5,2011-2012
0.068,44.73083,-89.75864,NAD83,2010-11-17,1,2010,11,Unknown
0.181,44.73083,-89.75864,NAD83,2013-07-31,1,2013,7,2013-2014
0.092,44.73083,-89.75864,NAD83,2010-09-24,1,2010,9,Unknown
0.051,44.73083,-89.75864,NAD83,2013-02-06,1,2013,2,2013-2014
0.098,44.73083,-89.75864,NAD83,2013-03-21,1,2013,3,2013-2014
1.31,44.73083,-89.75864,NAD83,2012-09-25,1,2012,9,2011-2012
0.102,44.73083,-89.75864,NAD83,2010-06-09,1,2010,6,Unknown
0.038,44.73083,-89.75864,NAD83,2013-01-10,1,2013,1,2013-2014
0.081,44.73083,-89.75864,NAD83,2011-06-06,1,2011,6,2011-2012
0.062,44.73083,-89.75864,NAD83,2011-10-19,1,2011,10,2011-2012
0.084,44.73083,-89.75864,NAD83,2012-10-26,1,2012,10,2011-2012
0.134,44.73083,-89.75864,NAD83,2012-11-13,1,2012,11,2011-2012
0.124,44.73083,-89.75864,NAD83,2013-07-22,1,2013,7,2013-2014
0.103,44.73083,-89.75864,NAD83,2011-05-19,1,2011,5,2011-2012
0.098,44.73083,-89.75864,NAD83,2011-03-07,1,2011,3,2011-2012
0.055,44.73083,-89.75864,NAD83,2011-12-15,1,2011,12,2011-2012
0.12,44.73083,-89.75864,NAD83,2011-10-11,1,2011,10,2011-2012
0.098,44.73083,-89.75864,NAD83,2013-03-05,1,2013,3,2013-2014
0.153,44.73083,-89.75864,NAD83,2011-08-11,1,2011,8,2011-2012
0.116,44.73083,-89.75864,NAD83,2010-10-13,1,2010,10,Unknown
0.298,44.73083,-89.75864,NAD83,2010-07-12,1,2010,7,Unknown
0.063,44.73083,-89.75864,NAD83,2011-11-28,1,2011,11,2011-2012
0.105,44.73083,-89.75864,NAD83,2010-05-10,1,2010,5,Unknown
0.069,44.73083,-89.75864,NAD83,2011-07-08,1,2011,7,2011-2012
0.095,44.73083,-89.75864,NAD83,2012-05-15,1,2012,5,2011-2012
0.087,44.73083,-89.75864,NAD83,2011-09-30,1,2011,9,2011-2012
0.096,44.73083,-89.75864,NAD83,2011-03-14,1,2011,3,2011-2012
0.098,44.73083,-89.75864,NAD83,2010-11-10,1,2010,11,Unknown
0.062,44.73083,-89.75864,NAD83,2009-12-01,1,2009,12,Unknown
0.117,44.73083,-89.75864,NAD83,2012-10-03,1,2012,10,2011-2012
0.057,44.73083,-89.75864,NAD83,2012-01-04,1,2012,1,2011-2012
0.081,44.73083,-89.75864,NAD83,2009-12-28,1,2009,12,Unknown
0.052,44.73083,-89.75864,NAD83,2011-06-24,1,2011,6,2011-2012
0.0811,44.73083,-89.75864,NAD83,2013-12-13,1,2013,12,2013-2014
0.071,44.73083,-89.75864,NAD83,2011-01-04,1,2011,1,2011-2012
0.093,44.73083,-89.75864,NAD83,2010-02-02,1,2010,2,Unknown
0.105,44.73083,-89.75864,NAD83,2010-08-03,1,2010,8,Unknown
0.058,44.73083,-89.75864,NAD83,2009-12-01,1,2009,12,Unknown
0.121,44.73083,-89.75864,NAD83,2016-08-04,1,2016,8,2015-2016
0.0646,44.73083,-89.75864,NAD83,2016-10-04,1,2016,10,2015-2016
0.0649,44.73083,-89.75864,NAD83,2013-11-05,1,2013,11,2013-2014
0.148,44.73083,-89.75864,NAD83,2012-09-18,1,2012,9,2011-2012
0.074,44.73083,-89.75864,NAD83,2013-02-06,1,2013,2,2013-2014
0.109,44.73083,-89.75864,NAD83,2013-09-06,1,2013,9,2013-2014
0.062,44.73083,-89.75864,NAD83,2010-02-02,1,2010,2,Unknown
0.058,44.73083,-89.75864,NAD83,2012-01-24,1,2012,1,2011-2012
0.123,44.73083,-89.75864,NAD83,2011-04-19,1,2011,4,2011-2012
0.125,44.73083,-89.75864,NAD83,2010-07-20,1,2010,7,Unknown
0.055,44.73083,-89.75864,NAD83,2012-02-15,1,2012,2,2011-2012
0.084,44.73083,-89.75864,NAD83,2010-04-13,1,2010,4,Unknown
0.084,44.73083,-89.75864,NAD83,2010-04-27,1,2010,4,Unknown
0.055,44.73083,-89.75864,NAD83,2012-12-04,1,2012,12,2011-2012
0.112,44.73083,-89.75864,NAD83,2011-03-28,1,2011,3,2011-2012
0.107,44.73083,-89.75864,NAD83,2012-04-26,1,2012,4,2011-2012
0.133,44.73083,-89.75864,NAD83,2011-08-03,1,2011,8,2011-2012
0.095,44.73083,-89.75864,NAD83,2010-08-16,1,2010,8,Unknown
0.137,44.73083,-89.75864,NAD83,2012-06-29,1,2012,6,2011-2012
0.081,44.73083,-89.75864,NAD83,2012-04-12,1,2012,4,2011-2012
0.0787,44.73083,-89.75864,NAD83,2013-07-02,1,2013,7,2013-2014
0.109,44.73083,-89.75864,NAD83,2013-09-20,1,2013,9,2013-2014
0.106,44.73083,-89.75864,NAD83,2010-10-01,1,2010,10,Unknown
0.098,44.73083,-89.75864,NAD83,2013-04-08,1,2013,4,2013-2014
0.04,44.73083,-89.75864,NAD83,2013-01-10,1,2013,1,2013-2014
0.063,44.73083,-89.75864,NAD83,2010-02-23,1,2010,2,Unknown
0.061,44.73083,-89.75864,NAD83,2012-02-15,1,2012,2,2011-2012
0.061,44.73083,-89.75864,NAD83,2009-11-04,1,2009,11,Unknown
0.0775,44.73083,-89.75864,NAD83,2013-10-18,1,2013,10,2013-2014
0.086,44.73083,-89.75864,NAD83,2009-10-21,1,2009,10,Unknown
0.082,44.73083,-89.75864,NAD83,2010-06-01,1,2010,6,Unknown
0.276,44.73083,-89.75864,NAD83,2012-08-17,1,2012,8,2011-2012
0.083,44.73083,-89.75864,NAD83,2011-06-01,1,2011,6,2011-2012
0.056,44.73083,-89.75864,NAD83,2010-03-16,1,2010,3,Unknown
0.112,44.73083,-89.75864,NAD83,2012-08-30,1,2012,8,2011-2012
0.117,44.73083,-89.75864,NAD83,2013-07-11,1,2013,7,2013-2014
0.172,44.73083,-89.75864,NAD83,2013-05-09,1,2013,5,2013-2014
0.054,44.73083,-89.75864,NAD83,2010-01-12,1,2010,1,Unknown
0.161,44.73083,-89.75864,NAD83,2012-07-31,1,2012,7,2011-2012
0.055,44.73083,-89.75864,NAD83,2012-06-11,1,2012,6,2011-2012
0.066,44.73083,-89.75864,NAD83,2010-03-01,1,2010,3,Unknown
0.212,44.73083,-89.75864,NAD83,2013-04-24,1,2013,4,2013-2014
0.107,44.73083,-89.75864,NAD83,2011-02-15,1,2011,2,2011-2012
0.05,44.88628,-89.63525,NAD83,2010-04-19,1,2010,4,Unknown
0.088,44.88628,-89.63525,NAD83,2010-06-29,1,2010,6,Unknown
0.06,44.88628,-89.63525,NAD83,2010-05-17,1,2010,5,Unknown
0.063,44.88628,-89.63525,NAD83,2010-05-10,1,2010,5,Unknown
0.056,44.88628,-89.63525,NAD83,2010-06-09,1,2010,6,Unknown
0.253,44.71307,-89.92628,NAD83,2010-06-01,1,2010,6,Unknown
0.235,44.71307,-89.92628,NAD83,2010-05-17,1,2010,5,Unknown
0.334,44.71307,-89.92628,NAD83,2010-07-07,1,2010,7,Unknown
0.238,44.71307,-89.92628,NAD83,2010-05-10,1,2010,5,Unknown
0.223,44.71307,-89.92628,NAD83,2010-10-13,1,2010,10,Unknown
0.256,44.68714,-89.76705,NAD83,2010-07-07,1,2010,7,Unknown
0.0552,44.83288,-89.34161,NAD83,2015-08-07,1,2015,8,2015-2016
0.0436,44.83288,-89.34161,NAD83,2015-09-10,1,2015,9,2015-2016
0.0511,44.83288,-89.34161,NAD83,2015-09-29,1,2015,9,2015-2016
0.0229,44.83288,-89.34161,NAD83,2015-05-22,1,2015,5,2015-2016
0.622,44.71411,-90.30438,NAD83,2011-08-31,1,2011,8,2011-2012
0.157,44.71411,-90.30438,NAD83,2011-06-06,1,2011,6,2011-2012
0.302,44.72851,-90.28404,NAD83,2011-06-06,1,2011,6,2011-2012
0.103,44.69952,-90.2522,NAD83,2011-06-06,1,2011,6,2011-2012
0.133,44.69952,-90.2522,NAD83,2016-11-15,1,2016,11,2015-2016
0.311,44.69952,-90.2522,NAD83,2016-08-29,1,2016,8,2015-2016
0.099,44.69952,-90.2522,NAD83,2011-08-31,1,2011,8,2011-2012
0.0974,44.69952,-90.2522,NAD83,2016-06-03,1,2016,6,2015-2016
0.568,44.69952,-90.2522,NAD83,2016-10-13,1,2016,10,2015-2016
0.158,44.69952,-90.2522,NAD83,2016-08-03,1,2016,8,2015-2016
0.108,44.96581,-89.80585,NAD83,2012-03-29,1,2012,3,2011-2012
0.0745,44.83,-89.68735,NAD83,2016-10-04,1,2016,10,2015-2016
0.0699,44.83,-89.68735,NAD83,2016-08-04,1,2016,8,2015-2016
0.0676,44.95255,-89.63542,NAD83,2016-10-04,1,2016,10,2015-2016
0.0716,44.89234,-89.6279,NAD83,2016-08-04,1,2016,8,2015-2016
0.0692,44.78862,-89.70271,NAD83,2016-08-04,1,2016,8,2015-2016
0.183,44.93087,-90.05322,NAD83,2017-07-06,1,2017,7,2017-2018
0.0435,44.9493,-89.628,NAD83,2018-02-06,1,2018,2,2017-2018
0.0429,44.94165,-89.62746,NAD83,2018-02-06,1,2018,2,2017-2018
0.0424,44.94165,-89.62746,NAD83,2018-02-06,1,2018,2,2017-2018
0.137,44.94286,-89.62348,NAD83,2018-02-06,1,2018,2,2017-2018
0.0669,44.82708,-89.25352,NAD83,2018-08-28,1,2018,8,2017-2018
0.169,44.94206,-90.30911,NAD83,2018-06-21,1,2018,6,2017-2018
0.116,44.94206,-90.30911,NAD83,2018-06-21,1,2018,6,2017-2018
3.6,45.02407,-89.4922,NAD83,2019-11-06,1,2019,11,2019-2020
0.252,45.00286,-89.46539,NAD83,2019-11-15,1,2019,11,2019-2020
0.058,44.95685,-89.63645,NAD83,2010-06-09,1,2010,6,Unknown
0.046,44.95685,-89.63645,NAD83,2010-05-10,1,2010,5,Unknown
0.05,44.95685,-89.63645,NAD83,2010-05-17,1,2010,5,Unknown
0.056,44.95685,-89.63645,NAD83,2010-04-19,1,2010,4,Unknown
0.046,44.95685,-89.63645,NAD83,2010-06-01,1,2010,6,Unknown
0.06,45.03608,-90.07311,NAD83,2012-10-26,1,2012,10,2011-2012
0.09,45.03608,-90.07311,NAD83,2012-10-04,1,2012,10,2011-2012
0.153,45.03608,-90.07311,NAD83,2012-06-18,1,2012,6,2011-2012
0.154,45.03608,-90.07311,NAD83,2012-05-22,1,2012,5,2011-2012
0.212,45.03608,-90.07311,NAD83,2012-07-17,1,2012,7,2011-2012
0.13,45.02452,-89.96384,NAD83,2011-01-20,1,2011,1,2011-2012
0.096,45.02452,-89.96384,NAD83,2011-06-01,1,2011,6,2011-2012
0.169,45.02452,-89.96384,NAD83,2011-07-20,1,2011,7,2011-2012
0.19,45.02452,-89.96384,NAD83,2011-04-19,1,2011,4,2011-2012
0.137,45.02452,-89.96384,NAD83,2012-10-26,1,2012,10,2011-2012
0.156,45.02452,-89.96384,NAD83,2012-05-22,1,2012,5,2011-2012
0.164,45.02452,-89.96384,NAD83,2012-09-11,1,2012,9,2011-2012
0.152,45.02452,-89.96384,NAD83,2012-10-04,1,2012,10,2011-2012
0.269,45.02452,-89.96384,NAD83,2012-07-17,1,2012,7,2011-2012
0.151,45.02452,-89.96384,NAD83,2011-06-24,1,2011,6,2011-2012
0.109,45.02452,-89.96384,NAD83,2010-10-21,1,2010,10,Unknown
0.13,45.02452,-89.96384,NAD83,2011-02-15,1,2011,2,2011-2012
0.087,45.02452,-89.96384,NAD83,2011-01-04,1,2011,1,2011-2012
0.29,45.02452,-89.96384,NAD83,2011-08-11,1,2011,8,2011-2012
0.209,45.02452,-89.96384,NAD83,2012-06-18,1,2012,6,2011-2012
0.135,45.02452,-89.96384,NAD83,2011-09-30,1,2011,9,2011-2012
0.093,45.02452,-89.96384,NAD83,2010-11-17,1,2010,11,Unknown
0.026,45.04385,-89.67244,NAD83,2012-09-18,1,2012,9,2011-2012
0.033,45.04385,-89.67244,NAD83,2012-07-31,1,2012,7,2011-2012
0.04,45.04385,-89.67244,NAD83,2012-06-26,1,2012,6,2011-2012
0.185,45.04385,-89.67244,NAD83,2012-05-22,1,2012,5,2011-2012
0.037,45.04385,-89.67244,NAD83,2012-10-03,1,2012,10,2011-2012
0.219,44.71429,-90.01138,NAD83,2012-06-18,1,2012,6,2011-2012
0.166,44.71429,-90.01138,NAD83,2012-05-22,1,2012,5,2011-2012
0.311,44.71429,-90.01138,NAD83,2012-07-17,1,2012,7,2011-2012
0.219,44.71429,-90.01138,NAD83,2012-09-27,1,2012,9,2011-2012
0.176,44.71429,-90.01138,NAD83,2012-09-11,1,2012,9,2011-2012
0.138,44.68742,-90.07841,NAD83,2012-10-26,1,2012,10,2011-2012
0.107,44.68742,-90.07841,NAD83,2012-05-22,1,2012,5,2011-2012
0.148,44.68742,-90.07841,NAD83,2012-09-11,1,2012,9,2011-2012
0.137,44.68742,-90.07841,NAD83,2012-10-04,1,2012,10,2011-2012
0.1,44.68742,-90.07841,NAD83,2012-06-18,1,2012,6,2011-2012
0.547,44.97359,-90.25889,NAD83,2012-06-18,1,2012,6,2011-2012
0.217,44.97359,-90.25889,NAD83,2012-10-26,1,2012,10,2011-2012
0.63,44.97359,-90.25889,NAD83,2012-07-17,1,2012,7,2011-2012
0.357,44.97359,-90.25889,NAD83,2012-09-11,1,2012,9,2011-2012
0.434,44.97359,-90.25889,NAD83,2012-05-22,1,2012,5,2011-2012
0.109,44.93062,-89.86324,NAD83,2012-10-03,1,2012,10,2011-2012
0.0901,44.93062,-89.86324,NAD83,2015-09-09,1,2015,9,2015-2016
0.271,44.93062,-89.86324,NAD83,2015-07-28,1,2015,7,2015-2016
0.175,44.93062,-89.86324,NAD83,2015-06-26,1,2015,6,2015-2016
0.111,44.93062,-89.86324,NAD83,2012-05-22,1,2012,5,2011-2012
0.0646,44.93062,-89.86324,NAD83,2015-10-09,1,2015,10,2015-2016
0.0712,44.93062,-89.86324,NAD83,2015-05-22,1,2015,5,2015-2016
0.107,44.93062,-89.86324,NAD83,2012-09-18,1,2012,9,2011-2012
0.0656,44.93062,-89.86324,NAD83,2015-10-06,1,2015,10,2015-2016
0.106,44.93062,-89.86324,NAD83,2012-06-26,1,2012,6,2011-2012
0.16,44.93062,-89.86324,NAD83,2012-07-31,1,2012,7,2011-2012
0.093,44.93062,-89.86324,NAD83,2012-11-01,1,2012,11,2011-2012
0.287,44.81511,-89.98185,NAD83,2017-07-25,1,2017,7,2017-2018
0.152,44.81511,-89.98185,NAD83,2017-09-01,1,2017,9,2017-2018
0.125,44.81511,-89.98185,NAD83,2017-09-28,1,2017,9,2017-2018
0.13,44.81511,-89.98185,NAD83,2017-06-16,1,2017,6,2017-2018
0.173,44.81511,-89.98185,NAD83,2017-06-05,1,2017,6,2017-2018
0.127,44.81553,-89.96551,NAD83,2017-07-25,1,2017,7,2017-2018
0.105,44.81553,-89.96551,NAD83,2013-07-22,1,2013,7,2013-2014
0.0444,44.81553,-89.96551,NAD83,2013-08-26,1,2013,8,2013-2014
0.0734,44.81553,-89.96551,NAD83,2017-09-01,1,2017,9,2017-2018
0.0553,44.81553,-89.96551,NAD83,2017-06-05,1,2017,6,2017-2018
0.0642,44.81553,-89.96551,NAD83,2013-07-02,1,2013,7,2013-2014
0.11,44.81553,-89.96551,NAD83,2012-06-26,1,2012,6,2011-2012
0.0522,44.81553,-89.96551,NAD83,2013-06-27,1,2013,6,2013-2014
0.0672,44.81553,-89.96551,NAD83,2013-10-24,1,2013,10,2013-2014
0.17,44.81553,-89.96551,NAD83,2012-07-31,1,2012,7,2011-2012
0.0655,44.81553,-89.96551,NAD83,2017-06-16,1,2017,6,2017-2018
0.053,44.81553,-89.96551,NAD83,2012-05-22,1,2012,5,2011-2012
0.064,44.81553,-89.96551,NAD83,2012-11-01,1,2012,11,2011-2012
0.093,44.81553,-89.96551,NAD83,2012-09-18,1,2012,9,2011-2012
0.109,44.81553,-89.96551,NAD83,2012-10-03,1,2012,10,2011-2012
0.0485,44.81553,-89.96551,NAD83,2017-10-17,1,2017,10,2017-2018
0.0637,44.81553,-89.96551,NAD83,2013-09-26,1,2013,9,2013-2014
0.052,44.93989,-89.51248,NAD83,2012-07-31,1,2012,7,2011-2012
0.063,44.93989,-89.51248,NAD83,2012-05-22,1,2012,5,2011-2012
0.036,44.93989,-89.51248,NAD83,2012-06-26,1,2012,6,2011-2012
0.029,44.93989,-89.51248,NAD83,2012-10-03,1,2012,10,2011-2012
0.019,44.93989,-89.51248,NAD83,2012-11-01,1,2012,11,2011-2012
0.031,44.9185,-89.55179,NAD83,2010-04-19,1,2010,4,Unknown
0.047,44.9185,-89.55179,NAD83,2010-09-24,1,2010,9,Unknown
0.057,44.9185,-89.55179,NAD83,2010-06-09,1,2010,6,Unknown
0.026,44.9185,-89.55179,NAD83,2010-05-10,1,2010,5,Unknown
0.04,44.9185,-89.55179,NAD83,2010-06-01,1,2010,6,Unknown
0.038,44.9185,-89.55179,NAD83,2010-05-17,1,2010,5,Unknown
0.0503,44.94732,-89.6238,NAD83,2014-07-29,1,2014,7,2013-2014
0.0737,44.79224,-89.69632,NAD83,2016-10-04,1,2016,10,2015-2016
0.0697,44.75831,-89.72919,NAD83,2016-08-04,1,2016,8,2015-2016
0.223,44.82132,-90.07885,NAD83,2011-11-01,1,2011,11,2011-2012
0.087,44.82132,-90.07885,NAD83,2011-01-04,1,2011,1,2011-2012
0.149,44.82132,-90.07885,NAD83,2010-05-10,1,2010,5,Unknown
0.109,44.82132,-90.07885,NAD83,2011-02-15,1,2011,2,2011-2012
0.425,44.82132,-90.07885,NAD83,2012-06-29,1,2012,6,2011-2012
0.129,44.82132,-90.07885,NAD83,2012-01-04,1,2012,1,2011-2012
0.216,44.82132,-90.07885,NAD83,2009-12-01,1,2009,12,Unknown
0.168,44.82132,-90.07885,NAD83,2020-09-29,1,2020,9,2019-2020
0.446,44.82132,-90.07885,NAD83,2010-07-20,1,2010,7,Unknown
0.542,44.82132,-90.07885,NAD83,2010-07-12,1,2010,7,Unknown
0.329,44.82132,-90.07885,NAD83,2009-05-15,1,2009,5,Unknown
0.244,44.82132,-90.07885,NAD83,2011-06-24,1,2011,6,2011-2012
0.308,44.82132,-90.07885,NAD83,2020-12-03,1,2020,12,2019-2020
0.248,44.82132,-90.07885,NAD83,2011-09-30,1,2011,9,2011-2012
0.241,44.82132,-90.07885,NAD83,2010-06-01,1,2010,6,Unknown
0.121,44.82132,-90.07885,NAD83,2012-10-12,1,2012,10,2011-2012
0.49,44.82132,-90.07885,NAD83,2020-08-05,1,2020,8,2019-2020
0.085,44.82132,-90.07885,NAD83,2013-02-06,1,2013,2,2013-2014
0.155,44.82132,-90.07885,NAD83,2012-05-03,1,2012,5,2011-2012
0.216,44.82132,-90.07885,NAD83,2013-09-20,1,2013,9,2013-2014
0.073,44.82132,-90.07885,NAD83,2013-03-05,1,2013,3,2013-2014
0.165,44.82132,-90.07885,NAD83,2012-04-05,1,2012,4,2011-2012
0.08,44.82132,-90.07885,NAD83,2012-02-15,1,2012,2,2011-2012
0.103,44.82132,-90.07885,NAD83,2011-11-28,1,2011,11,2011-2012
0.215,44.82132,-90.07885,NAD83,2013-08-14,1,2013,8,2013-2014
0.272,44.82132,-90.07885,NAD83,2020-09-01,1,2020,9,2019-2020
0.091,44.82132,-90.07885,NAD83,2013-03-21,1,2013,3,2013-2014
0.147,44.82132,-90.07885,NAD83,2011-06-15,1,2011,6,2011-2012
0.411,44.82132,-90.07885,NAD83,2011-10-19,1,2011,10,2011-2012
0.269,44.82132,-90.07885,NAD83,2010-06-09,1,2010,6,Unknown
0.227,44.82132,-90.07885,NAD83,2012-08-30,1,2012,8,2011-2012
0.227,44.82132,-90.07885,NAD83,2013-06-27,1,2013,6,2013-2014
0.306,44.82132,-90.07885,NAD83,2012-06-04,1,2012,6,2011-2012
0.225,44.82132,-90.07885,NAD83,2012-11-13,1,2012,11,2011-2012
0.43,44.82132,-90.07885,NAD83,2013-07-12,1,2013,7,2013-2014
0.372,44.82132,-90.07885,NAD83,2010-10-01,1,2010,10,Unknown
0.258,44.82132,-90.07885,NAD83,2020-07-13,1,2020,7,2019-2020
0.367,44.82132,-90.07885,NAD83,2013-10-18,1,2013,10,2013-2014
0.08,44.82132,-90.07885,NAD83,2010-01-12,1,2010,1,Unknown
0.959,44.82132,-90.07885,NAD83,2009-03-19,1,2009,3,Unknown
0.224,44.82132,-90.07885,NAD83,2009-10-21,1,2009,10,Unknown
0.354,44.82132,-90.07885,NAD83,2010-09-24,1,2010,9,Unknown
0.176,44.82132,-90.07885,NAD83,2009-04-28,1,2009,4,Unknown
0.474,44.82132,-90.07885,NAD83,2011-08-11,1,2011,8,2011-2012
0.141,44.82132,-90.07885,NAD83,2010-10-26,1,2010,10,Unknown
0.165,44.82132,-90.07885,NAD83,2010-05-26,1,2010,5,Unknown
0.065,44.82132,-90.07885,NAD83,2012-12-27,1,2012,12,2011-2012
0.118,44.82132,-90.07885,NAD83,2010-12-01,1,2010,12,Unknown
0.09,44.82132,-90.07885,NAD83,2012-04-26,1,2012,4,2011-2012
0.095,44.82132,-90.07885,NAD83,2012-11-20,1,2012,11,2011-2012
0.148,44.82132,-90.07885,NAD83,2010-04-13,1,2010,4,Unknown
0.079,44.82132,-90.07885,NAD83,2012-02-15,1,2012,2,2011-2012
0.111,44.82132,-90.07885,NAD83,2010-02-02,1,2010,2,Unknown
0.26,44.82132,-90.07885,NAD83,2010-10-13,1,2010,10,Unknown
0.256,44.82132,-90.07885,NAD83,2013-08-05,1,2013,8,2013-2014
0.52,44.82132,-90.07885,NAD83,2010-08-03,1,2010,8,Unknown
0.525,44.82132,-90.07885,NAD83,2010-03-16,1,2010,3,Unknown
0.757,44.82132,-90.07885,NAD83,2012-03-16,1,2012,3,2011-2012
0.215,44.82132,-90.07885,NAD83,2009-09-29,1,2009,9,Unknown
0.102,44.82132,-90.07885,NAD83,2012-07-31,1,2012,7,2011-2012
0.16,44.82132,-90.07885,NAD83,2013-05-24,1,2013,5,2013-2014
0.199,44.82132,-90.07885,NAD83,2011-10-19,1,2011,10,2011-2012
0.092,44.82132,-90.07885,NAD83,2012-12-04,1,2012,12,2011-2012
0.43,44.82132,-90.07885,NAD83,2009-07-13,1,2009,7,Unknown
0.295,44.82132,-90.07885,NAD83,2010-11-10,1,2010,11,Unknown
0.037,44.82132,-90.07885,NAD83,2013-01-10,1,2013,1,2013-2014
0.118,44.82132,-90.07885,NAD83,2013-12-13,1,2013,12,2013-2014
0.116,44.82132,-90.07885,NAD83,2013-11-05,1,2013,11,2013-2014
0.0896,44.82132,-90.07885,NAD83,2013-11-19,1,2013,11,2013-2014
0.105,44.82132,-90.07885,NAD83,2011-01-04,1,2011,1,2011-2012
0.36,44.82132,-90.07885,NAD83,2012-05-15,1,2012,5,2011-2012
0.045,44.82132,-90.07885,NAD83,2013-01-10,1,2013,1,2013-2014
0.3,44.82132,-90.07885,NAD83,2011-05-19,1,2011,5,2011-2012
0.235,44.82132,-90.07885,NAD83,2011-04-19,1,2011,4,2011-2012
0.219,44.82132,-90.07885,NAD83,2012-06-11,1,2012,6,2011-2012
0.391,44.82132,-90.07885,NAD83,2013-07-22,1,2013,7,2013-2014
0.328,44.82132,-90.07885,NAD83,2009-06-05,1,2009,6,Unknown
0.187,44.82132,-90.07885,NAD83,2013-05-30,1,2013,5,2013-2014
0.17,44.82132,-90.07885,NAD83,2012-09-20,1,2012,9,2011-2012
0.096,44.82132,-90.07885,NAD83,2010-04-27,1,2010,4,Unknown
0.072,44.82132,-90.07885,NAD83,2013-02-06,1,2013,2,2013-2014
0.344,44.82132,-90.07885,NAD83,2011-08-03,1,2011,8,2011-2012
0.283,44.82132,-90.07885,NAD83,2011-03-14,1,2011,3,2011-2012
0.433,44.82132,-90.07885,NAD83,2010-08-16,1,2010,8,Unknown
0.0931,44.82132,-90.07885,NAD83,2020-11-25,1,2020,11,2019-2020
0.085,44.82132,-90.07885,NAD83,2010-02-23,1,2010,2,Unknown
0.168,44.82132,-90.07885,NAD83,2012-10-03,1,2012,10,2011-2012
0.1,44.82132,-90.07885,NAD83,2012-01-04,1,2012,1,2011-2012
0.079,44.82132,-90.07885,NAD83,2012-03-06,1,2012,3,2011-2012
0.085,44.82132,-90.07885,NAD83,2011-12-01,1,2011,12,2011-2012
0.351,44.82132,-90.07885,NAD83,2012-08-17,1,2012,8,2011-2012
0.369,44.82132,-90.07885,NAD83,2013-07-02,1,2013,7,2013-2014
0.059,44.82132,-90.07885,NAD83,2012-01-24,1,2012,1,2011-2012
0.14,44.82132,-90.07885,NAD83,2009-12-01,1,2009,12,Unknown
0.364,44.82132,-90.07885,NAD83,2013-04-24,1,2013,4,2013-2014
0.081,44.82132,-90.07885,NAD83,2013-04-24,1,2013,4,2013-2014
0.225,44.82132,-90.07885,NAD83,2013-09-06,1,2013,9,2013-2014
0.289,44.82132,-90.07885,NAD83,2011-09-13,1,2011,9,2011-2012
0.08,44.82132,-90.07885,NAD83,2010-02-02,1,2010,2,Unknown
0.281,44.82132,-90.07885,NAD83,2011-07-13,1,2011,7,2011-2012
0.293,44.82132,-90.07885,NAD83,2011-07-20,1,2011,7,2011-2012
0.083,44.82132,-90.07885,NAD83,2012-10-26,1,2012,10,2011-2012
0.164,44.82132,-90.07885,NAD83,2009-02-11,1,2009,2,Unknown
0.194,44.82132,-90.07885,NAD83,2011-04-13,1,2011,4,2011-2012
0.111,44.82132,-90.07885,NAD83,2009-12-28,1,2009,12,Unknown
0.137,44.82132,-90.07885,NAD83,2013-10-24,1,2013,10,2013-2014
0.139,44.82132,-90.07885,NAD83,2011-03-14,1,2011,3,2011-2012
0.091,44.82132,-90.07885,NAD83,2011-06-01,1,2011,6,2011-2012
0.0993,44.82132,-90.07885,NAD83,2020-12-30,1,2020,12,2019-2020
0.454,44.82132,-90.07885,NAD83,2009-11-04,1,2009,11,Unknown
0.449,44.82132,-90.07885,NAD83,2009-08-31,1,2009,8,Unknown
0.131,44.82132,-90.07885,NAD83,2010-11-17,1,2010,11,Unknown
0.045,45.10361,-89.63995,NAD83,2012-09-11,1,2012,9,2011-2012
0.03,45.10361,-89.63995,NAD83,2012-10-04,1,2012,10,2011-2012
0.047,45.10361,-89.63995,NAD83,2012-07-24,1,2012,7,2011-2012
0.048,45.10361,-89.63995,NAD83,2012-05-22,1,2012,5,2011-2012
0.02,45.10361,-89.63995,NAD83,2012-10-26,1,2012,10,2011-2012
0.022,45.03315,-89.798,NAD83,2012-10-26,1,2012,10,2011-2012
0.0793,45.03315,-89.798,NAD83,2013-09-20,1,2013,9,2013-2014
0.184,45.03315,-89.798,NAD83,2013-07-22,1,2013,7,2013-2014
0.077,45.03315,-89.798,NAD83,2012-10-03,1,2012,10,2011-2012
0.109,45.03315,-89.798,NAD83,2013-10-24,1,2013,10,2013-2014
0.109,45.03315,-89.798,NAD83,2012-06-26,1,2012,6,2011-2012
0.127,45.03315,-89.798,NAD83,2012-07-31,1,2012,7,2011-2012
0.072,45.03315,-89.798,NAD83,2012-05-22,1,2012,5,2011-2012
0.0467,45.03315,-89.798,NAD83,2013-05-31,1,2013,5,2013-2014
0.0504,45.03315,-89.798,NAD83,2013-08-28,1,2013,8,2013-2014
0.089,45.03315,-89.798,NAD83,2012-09-18,1,2012,9,2011-2012
0.129,44.85929,-90.10913,NAD83,2012-10-04,1,2012,10,2011-2012
0.138,44.85929,-90.10913,NAD83,2012-05-22,1,2012,5,2011-2012
0.214,44.85929,-90.10913,NAD83,2012-07-24,1,2012,7,2011-2012
0.132,44.85929,-90.10913,NAD83,2012-09-11,1,2012,9,2011-2012
0.061,44.85929,-90.10913,NAD83,2012-10-26,1,2012,10,2011-2012
0.248,44.86445,-90.21665,NAD83,2012-05-22,1,2012,5,2011-2012
0.311,44.86445,-90.21665,NAD83,2012-06-18,1,2012,6,2011-2012
0.365,44.86445,-90.21665,NAD83,2012-09-11,1,2012,9,2011-2012
0.114,44.86445,-90.21665,NAD83,2012-10-26,1,2012,10,2011-2012
0.289,44.86445,-90.21665,NAD83,2012-10-04,1,2012,10,2011-2012
0.249,44.90135,-90.19229,NAD83,2012-05-22,1,2012,5,2011-2012
0.294,44.90135,-90.19229,NAD83,2012-10-04,1,2012,10,2011-2012
0.515,44.90135,-90.19229,NAD83,2012-07-17,1,2012,7,2011-2012
0.089,44.90135,-90.19229,NAD83,2012-10-26,1,2012,10,2011-2012
0.318,44.90135,-90.19229,NAD83,2012-09-11,1,2012,9,2011-2012
0.042,45.09028,-89.99444,NAD83,2012-09-11,1,2012,9,2011-2012
0.08,45.09028,-89.99444,NAD83,2012-05-22,1,2012,5,2011-2012
0.034,45.09028,-89.99444,NAD83,2012-10-04,1,2012,10,2011-2012
0.083,45.09028,-89.99444,NAD83,2012-07-17,1,2012,7,2011-2012
0.072,45.09028,-89.99444,NAD83,2012-06-18,1,2012,6,2011-2012
0.169,44.80693,-89.97409,NAD83,2014-09-05,1,2014,9,2013-2014
0.0625,44.80693,-89.97409,NAD83,2013-05-24,1,2013,5,2013-2014
0.184,44.80693,-89.97409,NAD83,2011-08-03,1,2011,8,2011-2012
0.066,44.80693,-89.97409,NAD83,2009-12-01,1,2009,12,Unknown
0.047,44.80693,-89.97409,NAD83,2014-02-18,1,2014,2,2013-2014
0.152,44.80693,-89.97409,NAD83,2013-10-18,1,2013,10,2013-2014
0.0561,44.80693,-89.97409,NAD83,2013-11-19,1,2013,11,2013-2014
0.125,44.80693,-89.97409,NAD83,2013-07-02,1,2013,7,2013-2014
0.098,44.80693,-89.97409,NAD83,2011-09-30,1,2011,9,2011-2012
0.186,44.80693,-89.97409,NAD83,2010-07-12,1,2010,7,Unknown
0.0294,44.80693,-89.97409,NAD83,2013-12-13,1,2013,12,2013-2014
0.04,44.80693,-89.97409,NAD83,2013-04-24,1,2013,4,2013-2014
0.074,44.80693,-89.97409,NAD83,2011-04-13,1,2011,4,2011-2012
0.109,44.80693,-89.97409,NAD83,2014-06-10,1,2014,6,2013-2014
0.125,44.80693,-89.97409,NAD83,2013-07-12,1,2013,7,2013-2014
0.147,44.80693,-89.97409,NAD83,2012-01-04,1,2012,1,2011-2012
0.0521,44.80693,-89.97409,NAD83,2020-11-25,1,2020,11,2019-2020
0.28,44.80693,-89.97409,NAD83,2012-09-20,1,2012,9,2011-2012
0.047,44.80693,-89.97409,NAD83,2009-12-01,1,2009,12,Unknown
0.0474,44.80693,-89.97409,NAD83,2014-03-26,1,2014,3,2013-2014
0.0478,44.80693,-89.97409,NAD83,2014-05-29,1,2014,5,2013-2014
0.248,44.80693,-89.97409,NAD83,2013-04-24,1,2013,4,2013-2014
0.0911,44.80693,-89.97409,NAD83,2013-08-14,1,2013,8,2013-2014
0.052,44.80693,-89.97409,NAD83,2011-01-04,1,2011,1,2011-2012
0.23,44.80693,-89.97409,NAD83,2011-08-11,1,2011,8,2011-2012
0.03,44.80693,-89.97409,NAD83,2013-01-10,1,2013,1,2013-2014
0.119,44.80693,-89.97409,NAD83,2010-09-24,1,2010,9,Unknown
0.04,44.80693,-89.97409,NAD83,2012-01-04,1,2012,1,2011-2012
0.187,44.80693,-89.97409,NAD83,2011-07-13,1,2011,7,2011-2012
0.142,44.80693,-89.97409,NAD83,2011-09-13,1,2011,9,2011-2012
0.031,44.80693,-89.97409,NAD83,2013-03-05,1,2013,3,2013-2014
0.098,44.80693,-89.97409,NAD83,2012-10-26,1,2012,10,2011-2012
0.112,44.80693,-89.97409,NAD83,2010-05-26,1,2010,5,Unknown
0.05,44.80693,-89.97409,NAD83,2010-02-23,1,2010,2,Unknown
0.0473,44.80693,-89.97409,NAD83,2014-03-14,1,2014,3,2013-2014
0.042,44.80693,-89.97409,NAD83,2012-01-24,1,2012,1,2011-2012
0.124,44.80693,-89.97409,NAD83,2012-10-12,1,2012,10,2011-2012
0.047,44.80693,-89.97409,NAD83,2013-03-21,1,2013,3,2013-2014
0.058,44.80693,-89.97409,NAD83,2011-02-15,1,2011,2,2011-2012
0.042,44.80693,-89.97409,NAD83,2010-10-26,1,2010,10,Unknown
0.054,44.80693,-89.97409,NAD83,2012-03-06,1,2012,3,2011-2012
0.105,44.80693,-89.97409,NAD83,2011-06-15,1,2011,6,2011-2012
0.181,44.80693,-89.97409,NAD83,2009-11-04,1,2009,11,Unknown
0.0914,44.80693,-89.97409,NAD83,2020-09-01,1,2020,9,2019-2020
0.0559,44.80693,-89.97409,NAD83,2013-05-30,1,2013,5,2013-2014
0.069,44.80693,-89.97409,NAD83,2011-11-01,1,2011,11,2011-2012
0.122,44.80693,-89.97409,NAD83,2014-07-18,1,2014,7,2013-2014
0.21,44.80693,-89.97409,NAD83,2014-04-09,1,2014,4,2013-2014
0.16,44.80693,-89.97409,NAD83,2011-10-19,1,2011,10,2011-2012
0.071,44.80693,-89.97409,NAD83,2009-10-21,1,2009,10,Unknown
0.0351,44.80693,-89.97409,NAD83,2013-12-20,1,2013,12,2013-2014
0.12,44.80693,-89.97409,NAD83,2012-06-11,1,2012,6,2011-2012
0.0826,44.80693,-89.97409,NAD83,2020-12-03,1,2020,12,2019-2020
0.11,44.80693,-89.97409,NAD83,2010-11-10,1,2010,11,Unknown
0.0444,44.80693,-89.97409,NAD83,2014-01-22,1,2014,1,2013-2014
0.029,44.80693,-89.97409,NAD83,2013-01-10,1,2013,1,2013-2014
0.061,44.80693,-89.97409,NAD83,2012-05-03,1,2012,5,2011-2012
0.036,44.80693,-89.97409,NAD83,2010-02-02,1,2010,2,Unknown
0.15,44.80693,-89.97409,NAD83,2013-10-24,1,2013,10,2013-2014
0.242,44.80693,-89.97409,NAD83,2020-08-05,1,2020,8,2019-2020
0.122,44.80693,-89.97409,NAD83,2010-02-02,1,2010,2,Unknown
0.102,44.80693,-89.97409,NAD83,2017-10-17,1,2017,10,2017-2018
0.112,44.80693,-89.97409,NAD83,2013-09-06,1,2013,9,2013-2014
0.221,44.80693,-89.97409,NAD83,2010-08-16,1,2010,8,Unknown
0.044,44.80693,-89.97409,NAD83,2011-01-04,1,2011,1,2011-2012
0.197,44.80693,-89.97409,NAD83,2017-07-25,1,2017,7,2017-2018
0.106,44.80693,-89.97409,NAD83,2017-09-28,1,2017,9,2017-2018
0.049,44.80693,-89.97409,NAD83,2011-12-01,1,2011,12,2011-2012
0.0323,44.80693,-89.97409,NAD83,2013-11-05,1,2013,11,2013-2014
0.195,44.80693,-89.97409,NAD83,2013-07-22,1,2013,7,2013-2014
0.421,44.80693,-89.97409,NAD83,2012-03-16,1,2012,3,2011-2012
0.112,44.80693,-89.97409,NAD83,2014-09-17,1,2014,9,2013-2014
0.137,44.80693,-89.97409,NAD83,2011-04-19,1,2011,4,2011-2012
0.062,44.80693,-89.97409,NAD83,2011-03-14,1,2011,3,2011-2012
0.131,44.80693,-89.97409,NAD83,2011-07-20,1,2011,7,2011-2012
0.063,44.80693,-89.97409,NAD83,2012-04-05,1,2012,4,2011-2012
0.0981,44.80693,-89.97409,NAD83,2017-06-16,1,2017,6,2017-2018
0.127,44.80693,-89.97409,NAD83,2010-06-09,1,2010,6,Unknown
0.078,44.80693,-89.97409,NAD83,2011-06-01,1,2011,6,2011-2012
0.062,44.80693,-89.97409,NAD83,2010-05-10,1,2010,5,Unknown
0.037,44.80693,-89.97409,NAD83,2009-12-28,1,2009,12,Unknown
0.0725,44.80693,-89.97409,NAD83,2014-06-27,1,2014,6,2013-2014
0.0736,44.80693,-89.97409,NAD83,2020-09-29,1,2020,9,2019-2020
0.076,44.80693,-89.97409,NAD83,2012-11-13,1,2012,11,2011-2012
0.0612,44.80693,-89.97409,NAD83,2014-05-02,1,2014,5,2013-2014
0.139,44.80693,-89.97409,NAD83,2012-08-17,1,2012,8,2011-2012
0.106,44.80693,-89.97409,NAD83,2011-06-24,1,2011,6,2011-2012
0.163,44.80693,-89.97409,NAD83,2011-10-19,1,2011,10,2011-2012
0.156,44.80693,-89.97409,NAD83,2011-05-19,1,2011,5,2011-2012
0.105,44.80693,-89.97409,NAD83,2010-10-01,1,2010,10,Unknown
0.244,44.80693,-89.97409,NAD83,2012-07-31,1,2012,7,2011-2012
0.038,44.80693,-89.97409,NAD83,2012-04-26,1,2012,4,2011-2012
0.054,44.80693,-89.97409,NAD83,2010-11-17,1,2010,11,Unknown
0.0509,44.80693,-89.97409,NAD83,2014-02-18,1,2014,2,2013-2014
0.0425,44.80693,-89.97409,NAD83,2013-12-13,1,2013,12,2013-2014
0.142,44.80693,-89.97409,NAD83,2010-06-01,1,2010,6,Unknown
0.049,44.80693,-89.97409,NAD83,2012-12-27,1,2012,12,2011-2012
0.24,44.80693,-89.97409,NAD83,2010-03-16,1,2010,3,Unknown
0.063,44.80693,-89.97409,NAD83,2011-02-15,1,2011,2,2011-2012
0.0918,44.80693,-89.97409,NAD83,2013-09-20,1,2013,9,2013-2014
0.056,44.80693,-89.97409,NAD83,2012-02-15,1,2012,2,2011-2012
0.282,44.80693,-89.97409,NAD83,2012-08-30,1,2012,8,2011-2012
0.059,44.80693,-89.97409,NAD83,2012-02-15,1,2012,2,2011-2012
0.04,44.80693,-89.97409,NAD83,2013-02-06,1,2013,2,2013-2014
0.208,44.80693,-89.97409,NAD83,2013-06-27,1,2013,6,2013-2014
0.038,44.80693,-89.97409,NAD83,2012-12-04,1,2012,12,2011-2012
0.047,44.80693,-89.97409,NAD83,2013-02-06,1,2013,2,2013-2014
0.04,44.80693,-89.97409,NAD83,2010-04-27,1,2010,4,Unknown
0.157,44.80693,-89.97409,NAD83,2012-06-04,1,2012,6,2011-2012
0.113,44.80693,-89.97409,NAD83,2014-08-14,1,2014,8,2013-2014
0.111,44.80693,-89.97409,NAD83,2014-08-04,1,2014,8,2013-2014
0.0531,44.80693,-89.97409,NAD83,2014-09-30,1,2014,9,2013-2014
0.131,44.80693,-89.97409,NAD83,2012-10-03,1,2012,10,2011-2012
0.0366,44.80693,-89.97409,NAD83,2020-12-30,1,2020,12,2019-2020
0.242,44.80693,-89.97409,NAD83,2012-05-15,1,2012,5,2011-2012
0.0506,44.80693,-89.97409,NAD83,2014-05-09,1,2014,5,2013-2014
0.0949,44.80693,-89.97409,NAD83,2017-06-05,1,2017,6,2017-2018
0.053,44.80693,-89.97409,NAD83,2010-04-13,1,2010,4,Unknown
0.113,44.80693,-89.97409,NAD83,2017-09-01,1,2017,9,2017-2018
0.04,44.80693,-89.97409,NAD83,2011-11-28,1,2011,11,2011-2012
0.069,44.80693,-89.97409,NAD83,2010-10-13,1,2010,10,Unknown
0.049,44.80693,-89.97409,NAD83,2012-11-20,1,2012,11,2011-2012
0.165,44.80693,-89.97409,NAD83,2012-06-29,1,2012,6,2011-2012
0.159,44.80693,-89.97409,NAD83,2011-03-14,1,2011,3,2011-2012
0.052,44.80693,-89.97409,NAD83,2010-01-12,1,2010,1,Unknown
0.047,44.80693,-89.97409,NAD83,2010-12-01,1,2010,12,Unknown
0.101,44.80693,-89.97409,NAD83,2013-08-05,1,2013,8,2013-2014
0.0907,44.80693,-89.97409,NAD83,2020-07-13,1,2020,7,2019-2020
0.134,44.80693,-89.97409,NAD83,2010-08-03,1,2010,8,Unknown
0.159,44.80693,-89.97409,NAD83,2010-07-20,1,2010,7,Unknown
0.103,44.74044,-90.16052,NAD83,2012-10-26,1,2012,10,2011-2012
0.212,44.74044,-90.16052,NAD83,2012-05-22,1,2012,5,2011-2012
0.255,44.74044,-90.16052,NAD83,2012-09-11,1,2012,9,2011-2012
0.376,44.74044,-90.16052,NAD83,2012-07-24,1,2012,7,2011-2012
0.354,44.74044,-90.16052,NAD83,2012-06-18,1,2012,6,2011-2012
0.031,44.96452,-89.49203,NAD83,2012-05-22,1,2012,5,2011-2012
0.059,44.96452,-89.49203,NAD83,2012-09-18,1,2012,9,2011-2012
0.073,44.96452,-89.49203,NAD83,2012-10-03,1,2012,10,2011-2012
0.051,44.96452,-89.49203,NAD83,2012-11-01,1,2012,11,2011-2012
0.059,44.96452,-89.49203,NAD83,2012-07-31,1,2012,7,2011-2012
0.114,45.05858,-89.24921,NAD83,2012-08-30,1,2012,8,2011-2012
0.19,45.05858,-89.24921,NAD83,2012-06-18,1,2012,6,2011-2012
0.111,45.05858,-89.24921,NAD83,2012-11-01,1,2012,11,2011-2012
0.086,45.05858,-89.24921,NAD83,2012-05-22,1,2012,5,2011-2012
0.139,45.05858,-89.24921,NAD83,2012-07-17,1,2012,7,2011-2012
0.091,44.71382,-89.62966,NAD83,2010-06-22,1,2010,6,Unknown
0.151,44.71382,-89.62966,NAD83,2010-08-16,1,2010,8,Unknown
0.036,44.71382,-89.62966,NAD83,2012-10-26,1,2012,10,2011-2012
0.037,44.71382,-89.62966,NAD83,2012-09-18,1,2012,9,2011-2012
0.047,44.71382,-89.62966,NAD83,2010-02-23,1,2010,2,Unknown
0.054,44.71382,-89.62966,NAD83,2010-10-01,1,2010,10,Unknown
0.2,44.71382,-89.62966,NAD83,2010-03-16,1,2010,3,Unknown
0.033,44.71382,-89.62966,NAD83,2009-10-21,1,2009,10,Unknown
0.05,44.71382,-89.62966,NAD83,2012-07-31,1,2012,7,2011-2012
0.109,44.71382,-89.62966,NAD83,2010-07-20,1,2010,7,Unknown
0.048,44.71382,-89.62966,NAD83,2009-12-01,1,2009,12,Unknown
0.052,44.71382,-89.62966,NAD83,2010-02-02,1,2010,2,Unknown
0.052,44.71382,-89.62966,NAD83,2010-05-26,1,2010,5,Unknown
0.041,44.71382,-89.62966,NAD83,2010-04-27,1,2010,4,Unknown
0.051,44.71382,-89.62966,NAD83,2009-12-28,1,2009,12,Unknown
0.061,44.71382,-89.62966,NAD83,2012-06-26,1,2012,6,2011-2012
0.03,44.71382,-89.62966,NAD83,2012-10-03,1,2012,10,2011-2012
0.042,44.71382,-89.62966,NAD83,2012-05-22,1,2012,5,2011-2012
0.106,45.05003,-89.26471,NAD83,2010-02-08,1,2010,2,Unknown
0.09,45.05003,-89.26471,NAD83,2010-12-10,1,2010,12,Unknown
0.148,45.05003,-89.26471,NAD83,2011-10-11,1,2011,10,2011-2012
0.089,45.05003,-89.26471,NAD83,2011-01-20,1,2011,1,2011-2012
0.335,45.05003,-89.26471,NAD83,2011-04-19,1,2011,4,2011-2012
0.178,45.05003,-89.26471,NAD83,2011-07-20,1,2011,7,2011-2012
0.141,45.05003,-89.26471,NAD83,2011-07-01,1,2011,7,2011-2012
0.097,45.05003,-89.26471,NAD83,2010-11-17,1,2010,11,Unknown
0.076,45.05003,-89.26471,NAD83,2011-03-14,1,2011,3,2011-2012
0.102,45.05003,-89.26471,NAD83,2010-10-21,1,2010,10,Unknown
0.138,45.05003,-89.26471,NAD83,2009-10-06,1,2009,10,Unknown
0.174,45.05003,-89.26471,NAD83,2009-09-14,1,2009,9,Unknown
0.07,45.05003,-89.26471,NAD83,2011-06-01,1,2011,6,2011-2012
0.174,45.05003,-89.26471,NAD83,2011-08-23,1,2011,8,2011-2012
0.081,45.05003,-89.26471,NAD83,2011-02-15,1,2011,2,2011-2012
0.525,44.91695,-90.30133,NAD83,2019-10-16,1,2019,10,2019-2020
0.407,44.91695,-90.30133,NAD83,2018-06-21,1,2018,6,2017-2018
0.0341,44.8161,-89.34612,NAD83,2017-06-13,1,2017,6,2017-2018
0.0355,44.8161,-89.34612,NAD83,2016-10-11,1,2016,10,2015-2016
0.02,44.8161,-89.34612,NAD83,2010-05-10,1,2010,5,Unknown
0.0218,44.8161,-89.34612,NAD83,2016-05-13,1,2016,5,2015-2016
0.0309,44.8161,-89.34612,NAD83,2018-09-25,1,2018,9,2017-2018
0.015,44.8161,-89.34612,NAD83,2018-07-27,1,2018,7,2017-2018
0.0256,44.8161,-89.34612,NAD83,2013-09-13,1,2013,9,2013-2014
0.018,44.8161,-89.34612,NAD83,2009-05-18,1,2009,5,Unknown
0.034,44.8161,-89.34612,NAD83,2015-09-29,1,2015,9,2015-2016
0.036,44.8161,-89.34612,NAD83,2011-08-31,1,2011,8,2011-2012
0.0221,44.8161,-89.34612,NAD83,2013-07-18,1,2013,7,2013-2014
0.026,44.8161,-89.34612,NAD83,2009-08-31,1,2009,8,Unknown
0.019,44.8161,-89.34612,NAD83,2009-09-29,1,2009,9,Unknown
0.04,44.8161,-89.34612,NAD83,2019-05-07,1,2019,5,2019-2020
0.0183,44.8161,-89.34612,NAD83,2014-08-20,1,2014,8,2013-2014
0.031,44.8161,-89.34612,NAD83,2011-08-03,1,2011,8,2011-2012
0.0215,44.8161,-89.34612,NAD83,2018-08-31,1,2018,8,2017-2018
0.037,44.8161,-89.34612,NAD83,2015-09-10,1,2015,9,2015-2016
0.0286,44.8161,-89.34612,NAD83,2017-09-01,1,2017,9,2017-2018
0.0383,44.8161,-89.34612,NAD83,2019-09-18,1,2019,9,2019-2020
0.023,44.8161,-89.34612,NAD83,2015-05-22,1,2015,5,2015-2016
0.026,44.8161,-89.34612,NAD83,2010-09-22,1,2010,9,Unknown
0.0242,44.8161,-89.34612,NAD83,2016-08-23,1,2016,8,2015-2016
0.0312,44.8161,-89.34612,NAD83,2020-09-24,1,2020,9,2019-2020
0.024,44.8161,-89.34612,NAD83,2009-08-10,1,2009,8,Unknown
0.039,44.8161,-89.34612,NAD83,2019-08-26,1,2019,8,2019-2020
0.0272,44.8161,-89.34612,NAD83,2020-07-30,1,2020,7,2019-2020
0.0232,44.8161,-89.34612,NAD83,2013-09-17,1,2013,9,2013-2014
0.0184,44.8161,-89.34612,NAD83,2013-08-07,1,2013,8,2013-2014
0.027,44.8161,-89.34612,NAD83,2011-09-30,1,2011,9,2011-2012
0.04,44.8161,-89.34612,NAD83,2010-09-22,1,2010,9,Unknown
0.0317,44.8161,-89.34612,NAD83,2014-09-12,1,2014,9,2013-2014
0.027,44.8161,-89.34612,NAD83,2012-08-17,1,2012,8,2011-2012
0.0312,44.8161,-89.34612,NAD83,2017-08-09,1,2017,8,2017-2018
0.0387,44.8161,-89.34612,NAD83,2019-07-26,1,2019,7,2019-2020
0.03,44.8161,-89.34612,NAD83,2018-06-07,1,2018,6,2017-2018
0.027,44.8161,-89.34612,NAD83,2012-09-25,1,2012,9,2011-2012
0.0261,44.8161,-89.34612,NAD83,2020-08-25,1,2020,8,2019-2020
0.032,44.8161,-89.34612,NAD83,2011-05-24,1,2011,5,2011-2012
0.0223,44.8161,-89.34612,NAD83,2016-08-12,1,2016,8,2015-2016
0.0241,44.8161,-89.34612,NAD83,2013-06-03,1,2013,6,2013-2014
0.0223,44.8161,-89.34612,NAD83,2015-08-07,1,2015,8,2015-2016
0.037,44.8161,-89.34612,NAD83,2010-09-28,1,2010,9,Unknown
0.027,44.8161,-89.34612,NAD83,2012-09-20,1,2012,9,2011-2012
0.00896,44.8161,-89.34612,NAD83,2013-09-05,1,2013,9,2013-2014
0.027,44.8161,-89.34612,NAD83,2014-08-04,1,2014,8,2013-2014
0.0323,44.82955,-89.84032,NAD83,2018-08-01,1,2018,8,2017-2018
0.0607,44.91721,-89.61066,NAD83,2016-08-04,1,2016,8,2015-2016
0.0581,44.91721,-89.61066,NAD83,2016-10-04,1,2016,10,2015-2016
0.057,44.78621,-89.86213,NAD83,2011-06-15,1,2011,6,2011-2012
0.026,44.78621,-89.86213,NAD83,2012-01-24,1,2012,1,2011-2012
0.102,44.78621,-89.86213,NAD83,2010-08-16,1,2010,8,Unknown
0.084,44.78621,-89.86213,NAD83,2010-08-03,1,2010,8,Unknown
0.049,44.78621,-89.86213,NAD83,2010-10-13,1,2010,10,Unknown
0.112,44.78621,-89.86213,NAD83,2011-10-19,1,2011,10,2011-2012
0.033,44.78621,-89.86213,NAD83,2011-01-04,1,2011,1,2011-2012
0.154,44.78621,-89.86213,NAD83,2013-04-24,1,2013,4,2013-2014
0.427,44.78621,-89.86213,NAD83,2012-03-16,1,2012,3,2011-2012
0.036,44.78621,-89.86213,NAD83,2011-12-01,1,2011,12,2011-2012
0.092,44.78621,-89.86213,NAD83,2011-03-07,1,2011,3,2011-2012
0.023,44.78621,-89.86213,NAD83,2009-12-28,1,2009,12,Unknown
0.03,44.78621,-89.86213,NAD83,2010-11-17,1,2010,11,Unknown
0.0837,44.78621,-89.86213,NAD83,2013-07-22,1,2013,7,2013-2014
0.038,44.78621,-89.86213,NAD83,2010-04-13,1,2010,4,Unknown
0.038,44.78621,-89.86213,NAD83,2012-03-06,1,2012,3,2011-2012
0.143,44.78621,-89.86213,NAD83,2012-01-04,1,2012,1,2011-2012
0.026,44.78621,-89.86213,NAD83,2012-04-26,1,2012,4,2011-2012
0.023,44.78621,-89.86213,NAD83,2013-03-05,1,2013,3,2013-2014
0.251,44.78621,-89.86213,NAD83,2010-11-10,1,2010,11,Unknown
0.081,44.78621,-89.86213,NAD83,2010-06-09,1,2010,6,Unknown
0.0259,44.78621,-89.86213,NAD83,2013-11-05,1,2013,11,2013-2014
0.058,44.78621,-89.86213,NAD83,2013-04-24,1,2013,4,2013-2014
0.033,44.78621,-89.86213,NAD83,2011-02-15,1,2011,2,2011-2012
0.038,44.78621,-89.86213,NAD83,2011-03-14,1,2011,3,2011-2012
0.073,44.78621,-89.86213,NAD83,2012-08-17,1,2012,8,2011-2012
0.03,44.78621,-89.86213,NAD83,2013-02-06,1,2013,2,2013-2014
0.091,44.78621,-89.86213,NAD83,2012-06-29,1,2012,6,2011-2012
0.071,44.78621,-89.86213,NAD83,2011-04-19,1,2011,4,2011-2012
0.068,44.78621,-89.86213,NAD83,2011-05-19,1,2011,5,2011-2012
0.0406,44.78621,-89.86213,NAD83,2013-06-27,1,2013,6,2013-2014
0.05,44.78621,-89.86213,NAD83,2011-04-13,1,2011,4,2011-2012
0.064,44.78621,-89.86213,NAD83,2011-06-24,1,2011,6,2011-2012
0.027,44.78621,-89.86213,NAD83,2012-11-20,1,2012,11,2011-2012
0.053,44.78621,-89.86213,NAD83,2012-11-13,1,2012,11,2011-2012
0.058,44.78621,-89.86213,NAD83,2012-10-03,1,2012,10,2011-2012
0.073,44.78621,-89.86213,NAD83,2012-06-11,1,2012,6,2011-2012
0.07,44.78621,-89.86213,NAD83,2012-08-30,1,2012,8,2011-2012
0.08,44.78621,-89.86213,NAD83,2010-06-01,1,2010,6,Unknown
0.035,44.78621,-89.86213,NAD83,2011-01-04,1,2011,1,2011-2012
0.0562,44.78621,-89.86213,NAD83,2013-09-20,1,2013,9,2013-2014
0.411,44.78621,-89.86213,NAD83,2010-07-12,1,2010,7,Unknown
0.034,44.78621,-89.86213,NAD83,2010-04-27,1,2010,4,Unknown
0.089,44.78621,-89.86213,NAD83,2010-07-20,1,2010,7,Unknown
0.099,44.78621,-89.86213,NAD83,2013-01-10,1,2013,1,2013-2014
0.09,44.78621,-89.86213,NAD83,2011-08-03,1,2011,8,2011-2012
0.062,44.78621,-89.86213,NAD83,2010-05-10,1,2010,5,Unknown
0.0329,44.78621,-89.86213,NAD83,2013-05-30,1,2013,5,2013-2014
0.031,44.78621,-89.86213,NAD83,2009-12-01,1,2009,12,Unknown
0.05,44.78621,-89.86213,NAD83,2011-09-13,1,2011,9,2011-2012
0.082,44.78621,-89.86213,NAD83,2012-06-04,1,2012,6,2011-2012
0.06,44.78621,-89.86213,NAD83,2010-05-26,1,2010,5,Unknown
0.097,44.78621,-89.86213,NAD83,2012-05-15,1,2012,5,2011-2012
0.112,44.78621,-89.86213,NAD83,2011-08-11,1,2011,8,2011-2012
0.077,44.78621,-89.86213,NAD83,2013-03-21,1,2013,3,2013-2014
0.036,44.78621,-89.86213,NAD83,2011-11-01,1,2011,11,2011-2012
0.0448,44.78621,-89.86213,NAD83,2013-11-19,1,2013,11,2013-2014
0.089,44.78621,-89.86213,NAD83,2012-10-26,1,2012,10,2011-2012
0.033,44.78621,-89.86213,NAD83,2009-12-01,1,2009,12,Unknown
0.152,44.78621,-89.86213,NAD83,2011-07-20,1,2011,7,2011-2012
0.032,44.78621,-89.86213,NAD83,2009-10-21,1,2009,10,Unknown
0.094,44.78621,-89.86213,NAD83,2012-09-27,1,2012,9,2011-2012
0.379,44.78621,-89.86213,NAD83,2012-07-31,1,2012,7,2011-2012
0.093,44.78621,-89.86213,NAD83,2012-09-20,1,2012,9,2011-2012
0.0706,44.78621,-89.86213,NAD83,2013-07-12,1,2013,7,2013-2014
0.108,44.78621,-89.86213,NAD83,2013-09-06,1,2013,9,2013-2014
0.028,44.78621,-89.86213,NAD83,2013-02-06,1,2013,2,2013-2014
0.046,44.78621,-89.86213,NAD83,2012-05-03,1,2012,5,2011-2012
0.043,44.78621,-89.86213,NAD83,2012-04-05,1,2012,4,2011-2012
0.055,44.78621,-89.86213,NAD83,2011-06-01,1,2011,6,2011-2012
0.082,44.78621,-89.86213,NAD83,2012-12-27,1,2012,12,2011-2012
0.049,44.78621,-89.86213,NAD83,2010-10-26,1,2010,10,Unknown
0.038,44.78621,-89.86213,NAD83,2012-02-15,1,2012,2,2011-2012
0.06,44.78621,-89.86213,NAD83,2009-11-04,1,2009,11,Unknown
0.035,44.78621,-89.86213,NAD83,2013-01-10,1,2013,1,2013-2014
0.0489,44.78621,-89.86213,NAD83,2013-08-05,1,2013,8,2013-2014
0.0555,44.78621,-89.86213,NAD83,2013-07-02,1,2013,7,2013-2014
0.058,44.78621,-89.86213,NAD83,2011-09-30,1,2011,9,2011-2012
0.0815,44.78621,-89.86213,NAD83,2013-10-18,1,2013,10,2013-2014
0.078,44.78621,-89.86213,NAD83,2011-07-13,1,2011,7,2011-2012
0.307,44.78621,-89.86213,NAD83,2010-03-16,1,2010,3,Unknown
0.028,44.78621,-89.86213,NAD83,2011-11-28,1,2011,11,2011-2012
0.086,44.78621,-89.86213,NAD83,2011-10-19,1,2011,10,2011-2012
0.037,44.78621,-89.86213,NAD83,2012-02-15,1,2012,2,2011-2012
0.0904,44.78621,-89.86213,NAD83,2013-10-24,1,2013,10,2013-2014
0.039,44.78621,-89.86213,NAD83,2011-02-15,1,2011,2,2011-2012
0.127,44.78621,-89.86213,NAD83,2010-02-02,1,2010,2,Unknown
0.036,44.78621,-89.86213,NAD83,2010-02-23,1,2010,2,Unknown
0.0432,44.78621,-89.86213,NAD83,2013-05-30,1,2013,5,2013-2014
0.033,44.78621,-89.86213,NAD83,2010-02-02,1,2010,2,Unknown
0.054,44.78621,-89.86213,NAD83,2010-12-01,1,2010,12,Unknown
0.043,44.78621,-89.86213,NAD83,2010-01-12,1,2010,1,Unknown
0.106,44.78621,-89.86213,NAD83,2010-09-24,1,2010,9,Unknown
0.049,44.78621,-89.86213,NAD83,2010-10-01,1,2010,10,Unknown
0.029,44.78621,-89.86213,NAD83,2012-12-04,1,2012,12,2011-2012
0.025,44.78621,-89.86213,NAD83,2012-01-04,1,2012,1,2011-2012
0.053,44.78621,-89.86213,NAD83,2013-08-14,1,2013,8,2013-2014
0.112,44.97444,-90.231,NAD83,2012-10-26,1,2012,10,2011-2012
0.476,44.97444,-90.231,NAD83,2012-07-17,1,2012,7,2011-2012
0.258,44.97444,-90.231,NAD83,2012-10-04,1,2012,10,2011-2012
0.314,44.97444,-90.231,NAD83,2012-06-18,1,2012,6,2011-2012
0.256,44.97444,-90.231,NAD83,2012-05-22,1,2012,5,2011-2012
0.0198,44.72277,-89.43362,NAD83,2015-09-29,1,2015,9,2015-2016
0.0165,44.72277,-89.43362,NAD83,2019-09-13,1,2019,9,2019-2020
0.0209,44.72277,-89.43362,NAD83,2015-08-18,1,2015,8,2015-2016
0.029,44.72277,-89.43362,NAD83,2012-09-25,1,2012,9,2011-2012
0.0237,44.72277,-89.43362,NAD83,2018-09-25,1,2018,9,2017-2018
0.0275,44.72277,-89.43362,NAD83,2018-08-31,1,2018,8,2017-2018
0.0236,44.72277,-89.43362,NAD83,2014-08-04,1,2014,8,2013-2014
0.018,44.72277,-89.43362,NAD83,2011-05-24,1,2011,5,2011-2012
0.0186,44.72277,-89.43362,NAD83,2020-09-21,1,2020,9,2019-2020
0.02,44.72277,-89.43362,NAD83,2009-08-31,1,2009,8,Unknown
0.019,44.72277,-89.43362,NAD83,2016-05-13,1,2016,5,2015-2016
0.0179,44.72277,-89.43362,NAD83,2014-09-12,1,2014,9,2013-2014
0.0304,44.72277,-89.43362,NAD83,2017-08-09,1,2017,8,2017-2018
0.0254,44.72277,-89.43362,NAD83,2014-08-20,1,2014,8,2013-2014
0.0177,44.72277,-89.43362,NAD83,2013-09-17,1,2013,9,2013-2014
0.016,44.72277,-89.43362,NAD83,2010-05-10,1,2010,5,Unknown
0.0228,44.72277,-89.43362,NAD83,2016-10-11,1,2016,10,2015-2016
0.019,44.72277,-89.43362,NAD83,2009-08-10,1,2009,8,Unknown
0.0154,44.72277,-89.43362,NAD83,2019-05-07,1,2019,5,2019-2020
0.016,44.72277,-89.43362,NAD83,2012-09-20,1,2012,9,2011-2012
0.023,44.72277,-89.43362,NAD83,2009-09-29,1,2009,9,Unknown
0.0267,44.72277,-89.43362,NAD83,2020-08-25,1,2020,8,2019-2020
0.025,44.72277,-89.43362,NAD83,2012-08-17,1,2012,8,2011-2012
0.0154,44.72277,-89.43362,NAD83,2013-08-07,1,2013,8,2013-2014
0.017,44.72277,-89.43362,NAD83,2009-05-18,1,2009,5,Unknown
0.0175,44.72277,-89.43362,NAD83,2016-09-13,1,2016,9,2015-2016
0.0157,44.72277,-89.43362,NAD83,2014-06-04,1,2014,6,2013-2014
0.022,44.72277,-89.43362,NAD83,2015-09-10,1,2015,9,2015-2016
0.00558,44.72277,-89.43362,NAD83,2013-09-05,1,2013,9,2013-2014
0.0224,44.72277,-89.43362,NAD83,2020-07-24,1,2020,7,2019-2020
0.013,44.72277,-89.43362,NAD83,2011-08-03,1,2011,8,2011-2012
0.015,44.72277,-89.43362,NAD83,2011-09-30,1,2011,9,2011-2012
0.0161,44.72277,-89.43362,NAD83,2017-06-13,1,2017,6,2017-2018
0.017,44.72277,-89.43362,NAD83,2010-09-28,1,2010,9,Unknown
0.0242,44.72277,-89.43362,NAD83,2017-08-31,1,2017,8,2017-2018
0.019,44.72277,-89.43362,NAD83,2018-07-27,1,2018,7,2017-2018
0.0178,44.72277,-89.43362,NAD83,2018-06-07,1,2018,6,2017-2018
0.02,44.72277,-89.43362,NAD83,2010-09-22,1,2010,9,Unknown
0.0213,44.72277,-89.43362,NAD83,2013-06-03,1,2013,6,2013-2014
0.0256,44.72277,-89.43362,NAD83,2015-05-22,1,2015,5,2015-2016
0.02,44.72277,-89.43362,NAD83,2016-08-12,1,2016,8,2015-2016
0.016,44.72277,-89.43362,NAD83,2011-08-31,1,2011,8,2011-2012
0.018,44.72277,-89.43362,NAD83,2010-09-22,1,2010,9,Unknown
0.0209,44.72277,-89.43362,NAD83,2019-07-26,1,2019,7,2019-2020
0.053,44.91528,-89.61911,NAD83,2012-09-20,1,2012,9,2011-2012
0.047,44.91528,-89.61911,NAD83,2012-05-15,1,2012,5,2011-2012
0.127,44.91528,-89.61911,NAD83,2012-06-29,1,2012,6,2011-2012
0.071,44.91228,-89.64117,NAD83,2012-08-14,1,2012,8,2011-2012
0.052,44.91228,-89.64117,NAD83,2012-05-15,1,2012,5,2011-2012
0.103,44.91228,-89.64117,NAD83,2012-06-29,1,2012,6,2011-2012
0.044,44.93202,-89.64234,NAD83,2012-05-15,1,2012,5,2011-2012
0.063,44.93202,-89.64234,NAD83,2012-08-14,1,2012,8,2011-2012
0.052,44.93202,-89.64234,NAD83,2012-09-20,1,2012,9,2011-2012
0.05,44.71997,-89.71145,NAD83,2010-06-02,1,2010,6,Unknown
0.101,44.71997,-89.71145,NAD83,2010-05-10,1,2010,5,Unknown
0.082,44.71997,-89.71145,NAD83,2010-07-15,1,2010,7,Unknown
0.067,44.71997,-89.71145,NAD83,2010-06-09,1,2010,6,Unknown
0.072,44.71997,-89.71145,NAD83,2010-06-22,1,2010,6,Unknown
0.066,44.71997,-89.71145,NAD83,2010-06-02,1,2010,6,Unknown
0.084,44.71997,-89.71145,NAD83,2010-04-27,1,2010,4,Unknown
0.078,44.71997,-89.71145,NAD83,2010-05-17,1,2010,5,Unknown
0.074,44.71997,-89.71145,NAD83,2010-06-22,1,2010,6,Unknown
0.091,44.71997,-89.71145,NAD83,2010-06-09,1,2010,6,Unknown
0.021,45.05858,-89.27028,NAD83,2012-11-01,1,2012,11,2011-2012
0.061,45.05858,-89.27028,NAD83,2013-05-31,1,2013,5,2013-2014
0.078,45.05858,-89.27028,NAD83,2012-06-18,1,2012,6,2011-2012
0.0686,45.05858,-89.27028,NAD83,2013-09-20,1,2013,9,2013-2014
0.097,45.05858,-89.27028,NAD83,2012-05-22,1,2012,5,2011-2012
0.0262,45.05858,-89.27028,NAD83,2013-08-19,1,2013,8,2013-2014
0.059,45.05858,-89.27028,NAD83,2012-08-30,1,2012,8,2011-2012
0.0879,45.05858,-89.27028,NAD83,2013-07-03,1,2013,7,2013-2014
0.0788,45.05858,-89.27028,NAD83,2013-10-24,1,2013,10,2013-2014
0.0948,45.05858,-89.27028,NAD83,2013-07-23,1,2013,7,2013-2014
0.095,45.05858,-89.27028,NAD83,2012-07-17,1,2012,7,2011-2012
0.073,44.71431,-89.67167,NAD83,2012-09-18,1,2012,9,2011-2012
0.0658,44.71431,-89.67167,NAD83,2019-08-29,1,2019,8,2019-2020
0.091,44.71431,-89.67167,NAD83,2009-08-14,1,2009,8,Unknown
0.0835,44.71431,-89.67167,NAD83,2018-07-27,1,2018,7,2017-2018
0.046,44.71431,-89.67167,NAD83,2010-06-02,1,2010,6,Unknown
0.098,44.71431,-89.67167,NAD83,2009-09-14,1,2009,9,Unknown
0.076,44.71431,-89.67167,NAD83,2009-05-29,1,2009,5,Unknown
0.045,44.71431,-89.67167,NAD83,2017-05-19,1,2017,5,2017-2018
0.0924,44.71431,-89.67167,NAD83,2016-06-30,1,2016,6,2015-2016
0.0539,44.71431,-89.67167,NAD83,2015-06-01,1,2015,6,2015-2016
0.0828,44.71431,-89.67167,NAD83,2015-09-02,1,2015,9,2015-2016
0.078,44.71431,-89.67167,NAD83,2011-07-01,1,2011,7,2011-2012
0.069,44.71431,-89.67167,NAD83,2012-05-29,1,2012,5,2011-2012
0.0596,44.71431,-89.67167,NAD83,2018-06-06,1,2018,6,2017-2018
0.0683,44.71431,-89.67167,NAD83,2019-06-27,1,2019,6,2019-2020
0.049,44.71431,-89.67167,NAD83,2009-06-26,1,2009,6,Unknown
0.117,44.71431,-89.67167,NAD83,2010-08-10,1,2010,8,Unknown
0.069,44.71431,-89.67167,NAD83,2011-07-25,1,2011,7,2011-2012
0.0749,44.71431,-89.67167,NAD83,2015-05-07,1,2015,5,2015-2016
0.084,44.71431,-89.67167,NAD83,2012-08-07,1,2012,8,2011-2012
0.078,44.71431,-89.67167,NAD83,2011-09-13,1,2011,9,2011-2012
0.065,44.71431,-89.67167,NAD83,2010-07-07,1,2010,7,Unknown
0.0627,44.71431,-89.67167,NAD83,2014-08-26,1,2014,8,2013-2014
0.0459,44.71431,-89.67167,NAD83,2017-06-16,1,2017,6,2017-2018
0.0507,44.71431,-89.67167,NAD83,2014-06-10,1,2014,6,2013-2014
0.0746,44.71431,-89.67167,NAD83,2015-06-23,1,2015,6,2015-2016
0.0649,44.71431,-89.67167,NAD83,2017-08-02,1,2017,8,2017-2018
0.084,44.71431,-89.67167,NAD83,2012-07-10,1,2012,7,2011-2012
0.0461,44.71431,-89.67167,NAD83,2014-07-03,1,2014,7,2013-2014
0.0846,44.71431,-89.67167,NAD83,2013-07-22,1,2013,7,2013-2014
0.0877,44.71431,-89.67167,NAD83,2016-09-13,1,2016,9,2015-2016
0.0481,44.71431,-89.67167,NAD83,2015-07-24,1,2015,7,2015-2016
0.046,44.71431,-89.67167,NAD83,2019-05-30,1,2019,5,2019-2020
0.0687,44.71431,-89.67167,NAD83,2016-07-26,1,2016,7,2015-2016
0.0693,44.71431,-89.67167,NAD83,2018-09-17,1,2018,9,2017-2018
0.111,44.71431,-89.67167,NAD83,2010-09-22,1,2010,9,Unknown
0.0649,44.71431,-89.67167,NAD83,2017-09-07,1,2017,9,2017-2018
0.0639,44.71431,-89.67167,NAD83,2016-06-01,1,2016,6,2015-2016
0.0645,44.71431,-89.67167,NAD83,2013-08-28,1,2013,8,2013-2014
0.0725,44.71431,-89.67167,NAD83,2018-07-18,1,2018,7,2017-2018
0.063,44.71431,-89.67167,NAD83,2014-07-24,1,2014,7,2013-2014
0.0762,44.71431,-89.67167,NAD83,2013-07-03,1,2013,7,2013-2014
0.089,44.71431,-89.67167,NAD83,2009-08-14,1,2009,8,Unknown
